序号,是否派发接驳目标,卡号,标题,卡型,域码,代际,所属集群,集群名称,文件路径,当前ref,建议接驳方向
1,是,R-PI-364,微信私聊问诊的诊疗行为定性与非合规风险边界,实务规则卡,PI,一代,C1,立案定性集群,/Users/chenyouqiang/Documents/LawKB/知识飞轮系统/06-沉淀/裁判规则库/人伤法/R-PI-287-微信私聊问诊的诊疗行为定性与非合规风险边界.md,0,接驳到案由路由卡/请求权基础调用面：蓝队定性分野、起诉状起草、吊顶案/雅菲案案由定性复盘
2,是,R-LN-101,跨案录音证据复用模式识别（办案方法论）,实务规则卡,LN,二代,C3,举证质证集群,/Users/chenyouqiang/Documents/LawKB/知识飞轮系统/06-沉淀/裁判规则库/学习笔记/R-LN-050_跨案录音证据复用模式识别.md,0,接驳到证据规则调用面：质证提纲、红蓝对抗举证要点、韩杰医疗事故罪再审证据梳理
3,是,R-LN-103,R-LN-022 人格否认以独立意思与独立财产为根本标准清算责任因果关系举证责任倒置,实务规则卡,LN,二代,C3,举证质证集群,/Users/chenyouqiang/Documents/LawKB/知识飞轮系统/06-沉淀/裁判规则库/学习笔记/R-LN-022-人格否认以独立意思与独立财产为根本标准清算责任因果关系举证责任倒置.md,0,接驳到证据规则调用面：质证提纲、红蓝对抗举证要点、韩杰医疗事故罪再审证据梳理
4,是,R-PI-356,R-PI-157 医疗告知义务代签规则——程序瑕疵≠实质过错·举证不能不利,实务规则卡,PI,二代,C3,举证质证集群,/Users/chenyouqiang/Documents/LawKB/知识飞轮系统/06-沉淀/裁判规则库/人伤法/R-PI-157-医疗告知义务代签与举证不能.md,0,接驳到证据规则调用面：质证提纲、红蓝对抗举证要点、韩杰医疗事故罪再审证据梳理
5,是,R-PI-365,电子病历封存与操作日志取证——医疗纠纷证据战第一战场,实务规则卡,PI,一代,C3,举证质证集群,/Users/chenyouqiang/Documents/LawKB/知识飞轮系统/06-沉淀/裁判规则库/人伤法/R-PI-288-电子病历封存与操作日志取证实务边界.md,0,接驳到证据规则调用面：质证提纲、红蓝对抗举证要点、韩杰医疗事故罪再审证据梳理
6,是,R-PR-084,R-PR-058 微信聊天记录证据提交规范——三性审查·原始载体·完整无删改,实务规则卡,PR,二代,C3,举证质证集群,/Users/chenyouqiang/Documents/LawKB/知识飞轮系统/06-沉淀/裁判规则库/公众号/R-LN-024-微信聊天记录证据提交规范.md,0,接驳到证据规则调用面：质证提纲、红蓝对抗举证要点、韩杰医疗事故罪再审证据梳理
7,是,R-LN-097,同案同被告双轨并行模式识别（办案方法论）,实务规则卡,LN,二代,C4,文书生成集群,/Users/chenyouqiang/Documents/LawKB/知识飞轮系统/06-沉淀/裁判规则库/学习笔记/R-LN-046_同案同被告双轨并行模式识别.md,0,接驳到文书范式调用面：代理词/答辩状要素式模板、文书生成流水线挂载
8,是,R-LN-098,实际买受人穿透模式识别（办案方法论）,实务规则卡,LN,二代,C4,文书生成集群,/Users/chenyouqiang/Documents/LawKB/知识飞轮系统/06-沉淀/裁判规则库/学习笔记/R-LN-047_实际买受人穿透模式识别.md,0,接驳到文书范式调用面：代理词/答辩状要素式模板、文书生成流水线挂载
9,是,R-LN-099,原告主体瑕疵程序战模式识别（办案方法论）,实务规则卡,LN,二代,C4,文书生成集群,/Users/chenyouqiang/Documents/LawKB/知识飞轮系统/06-沉淀/裁判规则库/学习笔记/R-LN-048_原告主体瑕疵程序战模式识别.md,0,接驳到文书范式调用面：代理词/答辩状要素式模板、文书生成流水线挂载
10,是,R-LN-100,关联案撤诉应对模式识别（办案方法论）,实务规则卡,LN,二代,C4,文书生成集群,/Users/chenyouqiang/Documents/LawKB/知识飞轮系统/06-沉淀/裁判规则库/学习笔记/R-LN-049_关联案撤诉应对模式识别.md,0,接驳到文书范式调用面：代理词/答辩状要素式模板、文书生成流水线挂载
11,是,R-LN-102,R-LN-021 商业诋毁不以竞争关系为要件误导性信息三类情形可构成损害不以实际发生为要件,实务规则卡,LN,二代,C4,文书生成集群,/Users/chenyouqiang/Documents/LawKB/知识飞轮系统/06-沉淀/裁判规则库/学习笔记/R-LN-021-商业诋毁不以竞争关系为要件误导性信息三类情形可构成损害不以实际发生为要件.md,0,接驳到文书范式调用面：代理词/答辩状要素式模板、文书生成流水线挂载
12,是,R-LN-104,R-LN-023 股东资格内外有别实质与形式相结合显名须其他股东半数同意失权异议三十日起诉,实务规则卡,LN,二代,C4,文书生成集群,/Users/chenyouqiang/Documents/LawKB/知识飞轮系统/06-沉淀/裁判规则库/学习笔记/R-LN-023-股东资格内外有别实质与形式相结合显名须其他股东半数同意失权异议三十日起诉.md,0,接驳到文书范式调用面：代理词/答辩状要素式模板、文书生成流水线挂载
13,是,R-PI-366,医疗事故鉴定与医疗损害鉴定的本质区别与裁判适用,实务规则卡,PI,一代,C4,文书生成集群,/Users/chenyouqiang/Documents/LawKB/知识飞轮系统/06-沉淀/裁判规则库/人伤法/R-PI-289-医疗事故鉴定与医疗损害鉴定的本质区别与裁判适用.md,0,接驳到文书范式调用面：代理词/答辩状要素式模板、文书生成流水线挂载
14,是,R-LN-105,会话级状态误判为项目级常量——MCP 通道结论不带时间戳且交付后未复测，致两处法理表述臆断入库的事故教训,工程事故卡,LN,二代,C5,赔偿精算集群,/Users/chenyouqiang/Documents/LawKB/知识飞轮系统/06-沉淀/裁判规则库/律师实务/R-LN-059-MCP状态会话级误判为常量.md,0,接驳到赔偿计算调用面：人伤定损清单、工伤/交通赔偿精算、航合物流事故定损
15,否,R-HG-077,R-CF-076-慈善合规数值红线速查-LTI映射桥,通用裁判规则卡,HG,一代,SHARED,共享公地弹药池,/Users/chenyouqiang/Documents/LawKB/知识飞轮系统/06-沉淀/裁判规则库/慈善/R-CF-076-慈善合规数值红线速查-LTI映射桥.md,0,否（共享公地弹药）：通用裁判规则卡为多集群共享，按既有 shared_pool 机制调用，不单点派发
16,已补标接驳,R-HT-255,R-HT-249-学校食堂委托管理服务合同食安合规与转包红线,实务规则卡,HT,一代,SHARED,共享公地弹药池,/Users/chenyouqiang/Documents/LawKB/知识飞轮系统/06-沉淀/裁判规则库/合同风险/R-HT-249-学校食堂委托管理服务合同食安合规与转包红线.md,≥1（接驳后）,卡型判定=实务规则卡(card_type_inferred:true)；接驳=合同审查工作流+合同风险实务规则卡接驳清册；ref 0→≥1；撞号重编痕迹rule_id_prev保留
17,已补标接驳,R-HT-256,R-HT-250-网络推广服务合同分包禁止与效果举证风险,实务规则卡,HT,一代,SHARED,共享公地弹药池,/Users/chenyouqiang/Documents/LawKB/知识飞轮系统/06-沉淀/裁判规则库/合同风险/R-HT-250-网络推广服务合同分包禁止与效果举证风险.md,≥1（接驳后）,卡型判定=实务规则卡(card_type_inferred:true)；接驳=合同审查工作流+合同风险实务规则卡接驳清册；ref 0→≥1；撞号重编痕迹rule_id_prev保留
18,已补标接驳,R-HT-257,R-HT-251-增资入股先确权后出资与回购连带保证,实务规则卡,HT,一代,SHARED,共享公地弹药池,/Users/chenyouqiang/Documents/LawKB/知识飞轮系统/06-沉淀/裁判规则库/合同风险/R-HT-251-增资入股先确权后出资与回购连带保证.md,≥1（接驳后）,卡型判定=实务规则卡(card_type_inferred:true)；接驳=合同审查工作流+合同风险实务规则卡接驳清册；ref 0→≥1；撞号重编痕迹rule_id_prev保留
19,否,R-PI-357,堆放物倒塌滚落滑落致害由堆放人承担过错推定责任,通用裁判规则卡,PI,一代,SHARED,共享公地弹药池,/Users/chenyouqiang/Documents/LawKB/知识飞轮系统/06-沉淀/裁判规则库/人伤法/R-PI-280-堆放物倒塌滚落滑落致害堆放人过错推定.md,0,否（共享公地弹药）：通用裁判规则卡为多集群共享，按既有 shared_pool 机制调用，不单点派发
20,否,R-PI-358,林木折断倾倒或果实坠落致害由林木所有人管理人承担过错推定责任,通用裁判规则卡,PI,一代,SHARED,共享公地弹药池,/Users/chenyouqiang/Documents/LawKB/知识飞轮系统/06-沉淀/裁判规则库/人伤法/R-PI-281-林木折断倾倒果实坠落致害林木所有人管理人过错推定.md,0,否（共享公地弹药）：通用裁判规则卡为多集群共享，按既有 shared_pool 机制调用，不单点派发
21,否,R-PI-359,公共道路上堆放倾倒遗撒妨碍通行物致害的行为人责任与道路管理人相应责任,通用裁判规则卡,PI,一代,SHARED,共享公地弹药池,/Users/chenyouqiang/Documents/LawKB/知识飞轮系统/06-沉淀/裁判规则库/人伤法/R-PI-282-公共道路堆放倾倒遗撒妨碍通行致害行为人责任与道路管理人相应责任.md,0,否（共享公地弹药）：通用裁判规则卡为多集群共享，按既有 shared_pool 机制调用，不单点派发
22,否,R-PI-360,未经许可进入高度危险活动或危险物存放区域受损害管理人尽充分安全措施与警示可减责或免责,通用裁判规则卡,PI,一代,SHARED,共享公地弹药池,/Users/chenyouqiang/Documents/LawKB/知识飞轮系统/06-沉淀/裁判规则库/人伤法/R-PI-283-未经许可进入高度危险区域受损害管理人尽充分安全措施与警示可减责免责.md,0,否（共享公地弹药）：通用裁判规则卡为多集群共享，按既有 shared_pool 机制调用，不单点派发
23,否,R-PI-361,因运输者仓储者等第三人过错使产品存在缺陷的生产者销售者赔偿后享有追偿权,通用裁判规则卡,PI,一代,SHARED,共享公地弹药池,/Users/chenyouqiang/Documents/LawKB/知识飞轮系统/06-沉淀/裁判规则库/人伤法/R-PI-284-产品缺陷因运输者仓储者等第三人过错生产者销售者赔偿后追偿.md,0,否（共享公地弹药）：通用裁判规则卡为多集群共享，按既有 shared_pool 机制调用，不单点派发
24,否,R-PI-362,产品投入流通后发现缺陷未及时采取停止销售警示召回补救措施致损害扩大应就扩大部分担责,通用裁判规则卡,PI,一代,SHARED,共享公地弹药池,/Users/chenyouqiang/Documents/LawKB/知识飞轮系统/06-沉淀/裁判规则库/人伤法/R-PI-285-产品投入流通后发现缺陷未采取补救措施致损害扩大连带责任.md,0,否（共享公地弹药）：通用裁判规则卡为多集群共享，按既有 shared_pool 机制调用，不单点派发
25,否,R-PI-363,无或限制民事行为能力人在教育机构内受第三人人身损害教育机构未尽管理职责承担相应补充责任并可追偿,通用裁判规则卡,PI,一代,SHARED,共享公地弹药池,/Users/chenyouqiang/Documents/LawKB/知识飞轮系统/06-沉淀/裁判规则库/人伤法/R-PI-286-教育机构内受第三人人身损害未尽管理职责相应补充责任与追偿.md,0,否（共享公地弹药）：通用裁判规则卡为多集群共享，按既有 shared_pool 机制调用，不单点派发
