e91d1384a651fe2d0fc22492cc2848e4	/Users/chenyouqiang/.workbuddy/skills/小德合规管理系统/SKILL.md
eba860624c5f3fc06ecc61d2acfd7d43	/Users/chenyouqiang/Documents/LawKB/小德合规管理系统/00-索引-小德合规管理系统制品清单.md
7d86e95af2cfde374f6bc4fe6a1083d8	/Users/chenyouqiang/Documents/LawKB/小德合规管理系统/01-方案设计/医疗合规资产复盘与CMS喂养方案-2026-08-27.md
be3cca7a6350a3b8b8ad1e3326199969	/Users/chenyouqiang/Documents/LawKB/小德合规管理系统/01-方案设计/合规与非诉支持维度升级方案-2026-08-27.md
56d56817d4972a05ac9f90241390b22b	/Users/chenyouqiang/Documents/LawKB/小德合规管理系统/01-方案设计/小德合规CMS事件驱动扩展接口规范-2026-09-06.md
7cedd0c2452ccf63f06777ec3e5cd39c	/Users/chenyouqiang/Documents/LawKB/小德合规管理系统/01-方案设计/小德合规管理系统搭建方案-2026-08-27.md
774b4f0117261a995d35f0faa0546db6	/Users/chenyouqiang/Documents/LawKB/小德合规管理系统/01-方案设计/小德慈善合规 · 16 领域可售卖清单.md
a469bb5e1a61156ed473a5723ad5c89f	/Users/chenyouqiang/Documents/LawKB/小德合规管理系统/01-方案设计/小德慈善合规 · 公募专项交付品价目表-v1.0.md
59d6805d18ca5b27dfa63158a39b7f07	/Users/chenyouqiang/Documents/LawKB/小德合规管理系统/01-方案设计/小德慈善合规 · 年度顾问包产品手册.md
da7eb87f38f2d7c5b18d62340e73f9d1	/Users/chenyouqiang/Documents/LawKB/小德合规管理系统/01-方案设计/小德慈善合规CMS产品化商业计划.md
c0aaed327579c58d409c92dd7ff082ee	/Users/chenyouqiang/Documents/LawKB/小德合规管理系统/01-方案设计/小德慈善合规CMS产品服务模式说明书.md
2ba4062348a1df95a79c270a39eba11e	/Users/chenyouqiang/Documents/LawKB/小德合规管理系统/01-方案设计/小德慈善合规CMS年度顾问包报价单.md
a1df5fba2d69977449bb7c839dbddc09	/Users/chenyouqiang/Documents/LawKB/小德合规管理系统/01-方案设计/小德慈善合规CMS年度顾问包服务协议模板.md
5676e43af112d6cb1b9a1049aa5dfbb0	/Users/chenyouqiang/Documents/LawKB/小德合规管理系统/01-方案设计/小德慈善组织合规管理系统-轨道1改造方案-v2.0-2026-09-12.md
5c28220f22327f8f5ec527621ef7a5a8	/Users/chenyouqiang/Documents/LawKB/小德合规管理系统/02-落地报告/CMS四阶段落地-实战双跑验证-2026-08-27.md
ae9aa091000883a75f10378074935f82	/Users/chenyouqiang/Documents/LawKB/小德合规管理系统/02-落地报告/standing-在管医疗机构实体档案/在管医疗机构档案-韩杰案训练主体（去标识化）-2026-09-06.md
8fa0e5e36a0075591f7d25985bfd1c89	/Users/chenyouqiang/Documents/LawKB/小德合规管理系统/02-落地报告/事件驱动扩展接口注册表-2026-09-06.md
b6fd8f6d38600670ae33e556202c92c7	/Users/chenyouqiang/Documents/LawKB/小德合规管理系统/02-落地报告/公募分支样例/公募体检样例-厚德基金会-公开募捐资格合规体检报告-20260927.md
447d7397805909b9adc402cea25a2556	/Users/chenyouqiang/Documents/LawKB/小德合规管理系统/02-落地报告/医疗合规CMS喂养执行报告-2026-08-27.md
a0ef13db9cb749b99b44f0e2aaa1adc5	/Users/chenyouqiang/Documents/LawKB/小德合规管理系统/02-落地报告/合规与非诉维度P0升级落地报告-2026-08-27.md
de25132c076f19837def3fba508e0c90	/Users/chenyouqiang/Documents/LawKB/小德合规管理系统/02-落地报告/合规与非诉维度P1升级落地报告-2026-08-27.md
0df6e6961c5d18abbad3269523b37dde	/Users/chenyouqiang/Documents/LawKB/小德合规管理系统/02-落地报告/小德合规管理系统四阶段落地报告-2026-08-27.md
330251f609f58284f7a6b09ed6707513	/Users/chenyouqiang/Documents/LawKB/小德合规管理系统/02-落地报告/韩杰案路由验证-医院子模板B-2026-08-27.md
8aca1aa702f47c645507defe4f888d26	/Users/chenyouqiang/Documents/LawKB/小德合规管理系统/03-经验卡片/CMS治理/经验卡片-CMS治理-母本位置歧义事故复盘.md
d9c9740747a513375fb58fe40c30218c	/Users/chenyouqiang/Documents/LawKB/小德合规管理系统/03-经验卡片/CMS治理/经验卡片-运维-多源规则库归库四原则-撞号绝不覆盖-20260915.md
45399e4e2f203607bf98a97e9083a03c	/Users/chenyouqiang/Documents/LawKB/小德合规管理系统/03-经验卡片/医疗纠纷章卡/第七章_医院资产管理与运营法律实务.md
bd8084c59f82748680de45388aa8d426	/Users/chenyouqiang/Documents/LawKB/小德合规管理系统/03-经验卡片/医疗纠纷章卡/第三章医院法律风险管理基础.md
eecab4acc981ec5dc5e30c93c1d2e03e	/Users/chenyouqiang/Documents/LawKB/小德合规管理系统/03-经验卡片/医疗纠纷章卡/第九章_诊疗规范与医疗行为的法律边界.md
2f0f82caccd50b18c6e158e814b49057	/Users/chenyouqiang/Documents/LawKB/小德合规管理系统/03-经验卡片/医疗纠纷章卡/第二章医院常年法律顾问的服务内容与流程.md
855a6b97f7fbbb9badcd5c57be26a057	/Users/chenyouqiang/Documents/LawKB/小德合规管理系统/03-经验卡片/医疗纠纷章卡/第五章_医院人力资源管理法律实务.md
ec8cf925aea308b44b5286f429d11486	/Users/chenyouqiang/Documents/LawKB/小德合规管理系统/03-经验卡片/医疗纠纷章卡/第八章_医院医保基金使用合规与法律风险防控.md
668073525a444fe5a065a4275cab7ba4	/Users/chenyouqiang/Documents/LawKB/小德合规管理系统/03-经验卡片/医疗纠纷章卡/第六章_医院医疗设备与药品采购法律实务.md
6a06eb2fe7628aabc4c639ee788649d8	/Users/chenyouqiang/Documents/LawKB/小德合规管理系统/03-经验卡片/医疗纠纷章卡/第十二章_特殊医疗场景的法律风险防控.md
2415b68bbda5c80bb727236ab0a9fb50	/Users/chenyouqiang/Documents/LawKB/小德合规管理系统/03-经验卡片/医疗纠纷章卡/第十六章_医疗纠纷的人民调解与行政调解.md
eba90f2d92413967b705ad092d137cea	/Users/chenyouqiang/Documents/LawKB/小德合规管理系统/03-经验卡片/医疗纠纷章卡/第四章_医院的设立与主体资格合规.md
c105d0ff0aeba8c583db885191be5156	/Users/chenyouqiang/Documents/LawKB/小德合规管理系统/03-经验卡片/医疗纠纷章卡/经验卡片-运营-医疗纠纷人民调解程序域枢纽.md
414f67bb8f29dbc501d7df97d33867f9	/Users/chenyouqiang/Documents/LawKB/小德合规管理系统/03-经验卡片/医院合规/README-沉淀规范.md
d414c8984ec9da6fc5dd23994c5c8d7c	/Users/chenyouqiang/Documents/LawKB/小德合规管理系统/03-经验卡片/医院合规/经验卡片-人资-医院人力资源与主体资格合规.md
3b7e712af41dbb1919be4e9d275fca67	/Users/chenyouqiang/Documents/LawKB/小德合规管理系统/03-经验卡片/医院合规/经验卡片-制度-AI工具PHI保密红线.md
34dc041530f6cdbabb76fd63c0709557	/Users/chenyouqiang/Documents/LawKB/小德合规管理系统/03-经验卡片/医院合规/经验卡片-制度-医院合规治理框架.md
01ad334a647243c7315d77d0fe8ab49d	/Users/chenyouqiang/Documents/LawKB/小德合规管理系统/03-经验卡片/医院合规/经验卡片-流程-常年法律顾问与纠纷院内处置.md
e5ec78516b95c34c0dcab505dad2b42f	/Users/chenyouqiang/Documents/LawKB/小德合规管理系统/03-经验卡片/医院合规/经验卡片-税务-医疗机构税务合规.md
73cb524ead466b4aa1c718c1655ddf58	/Users/chenyouqiang/Documents/LawKB/小德合规管理系统/03-经验卡片/医院合规/经验卡片-财务-医保基金与设备药品采购合规.md
fe02f61f0beed27ac9255189112ab7b4	/Users/chenyouqiang/Documents/LawKB/小德合规管理系统/03-经验卡片/医院合规/经验卡片-财务-医保基金骗保风险防控.md
0b9b6465cfd77a16aab7f38e73785c8c	/Users/chenyouqiang/Documents/LawKB/小德合规管理系统/03-经验卡片/医院合规/经验卡片-财务-医院采购合规反哺慈善投资活动合规.md
f8eec7c74041bb5d43d04f568f9f3bbc	/Users/chenyouqiang/Documents/LawKB/小德合规管理系统/03-经验卡片/医院合规/经验卡片-财务-设备药品采购反商业贿赂.md
4dc6fcae312813dc3154ecb830f2b791	/Users/chenyouqiang/Documents/LawKB/小德合规管理系统/03-经验卡片/医院合规/经验卡片-运营-医疗纠纷院内处置与人民调解.md
b7690a206d2e4aed212984e75c5de75f	/Users/chenyouqiang/Documents/LawKB/小德合规管理系统/03-经验卡片/医院合规/经验卡片-运营-患者知情同意与告知实务.md
1d766a2e530b2185cebbd64c7fe3e851	/Users/chenyouqiang/Documents/LawKB/小德合规管理系统/03-经验卡片/医院合规/经验卡片-运营-病历书写合规与纠纷败诉10漏洞.md
fbc64b9d9bfacfea6b7700d0a57bc583	/Users/chenyouqiang/Documents/LawKB/小德合规管理系统/03-经验卡片/医院合规/经验卡片-运营-诊疗规范与医疗质量安全.md
e2131c30f9b1d97ba04178ea6cf294f9	/Users/chenyouqiang/Documents/LawKB/小德合规管理系统/03-经验卡片/合同合规/README-沉淀规范.md
002dc138e30471131ce8b47b08f10e77	/Users/chenyouqiang/Documents/LawKB/小德合规管理系统/03-经验卡片/合同合规/经验卡片-人资-合同承办资格与授权层级矩阵.md
82ffd012d247f5c9fd1e37d5e98efc8e	/Users/chenyouqiang/Documents/LawKB/小德合规管理系统/03-经验卡片/合同合规/经验卡片-制度-合同管理制度与授权用印.md
a786be702758ff609ef7136a32a26734	/Users/chenyouqiang/Documents/LawKB/小德合规管理系统/03-经验卡片/合同合规/经验卡片-流程-合同六阶段流转控制节点.md
72526d21d6fff6d50bb8a3127088a86e	/Users/chenyouqiang/Documents/LawKB/小德合规管理系统/03-经验卡片/合同合规/经验卡片-税务-合同涉税条款与发票合规.md
a1f741449eb9268a9fddd96944eeed68	/Users/chenyouqiang/Documents/LawKB/小德合规管理系统/03-经验卡片/合同合规/经验卡片-财务-合同价款违约金与保证金合规.md
8bb1402b9eb9a991b9fd7372642e09ef	/Users/chenyouqiang/Documents/LawKB/小德合规管理系统/03-经验卡片/合同合规/经验卡片-运营-相对方台账与履约到期预警.md
d44934311df008c7e25efb93933e1e7b	/Users/chenyouqiang/Documents/LawKB/小德合规管理系统/03-经验卡片/慈法合规/经验卡片-人资-医院劳务派遣合规反哺慈善志愿者管理.md
2e175bb6ac7e22031555fb58254b68f4	/Users/chenyouqiang/Documents/LawKB/小德合规管理系统/03-经验卡片/慈法合规/经验卡片-声誉-慈善组织网络谣言摆拍引流舆情应对.md
50acc458034210ba57e208577e7ddb73	/Users/chenyouqiang/Documents/LawKB/小德合规管理系统/03-经验卡片/慈法合规/经验卡片-财务-慈善组织关联交易回避与公开.md
cdc424eb9e3380af7adb621444830aed	/Users/chenyouqiang/Documents/LawKB/小德合规管理系统/03-经验卡片/慈法合规/经验卡片-运营-公开募捐方案九要素合规.md
6eb780e28ad9454eba646e72c92c09c1	/Users/chenyouqiang/Documents/LawKB/小德合规管理系统/03-经验卡片/慈法合规/经验卡片-运营-慈善组织信息公开三档时限.md
89bae87c471bacbe1cecc0848f8dc6f7	/Users/chenyouqiang/Documents/LawKB/小德合规管理系统/03-经验卡片/慈法合规/经验卡片-运营-联合劝募三红线合规.md
e8fb635011d8b47fba7d4b1007149e05	/Users/chenyouqiang/Documents/LawKB/小德合规管理系统/03-经验卡片/非诉合规/README-沉淀规范.md
9e141d974ca267fbd9b0e2a42dfa7f5e	/Users/chenyouqiang/Documents/LawKB/小德合规管理系统/03-经验卡片/非诉合规/经验卡片-人资-非诉承办团队配置与复核签字.md
58156421b1aecccf4be69708e920a556	/Users/chenyouqiang/Documents/LawKB/小德合规管理系统/03-经验卡片/非诉合规/经验卡片-制度-非诉常年顾问客户内部制度完备性体检.md
ab04152c11e71ff7ddca1d8ed0605e4f	/Users/chenyouqiang/Documents/LawKB/小德合规管理系统/03-经验卡片/非诉合规/经验卡片-流程-非诉事项立项到归档六节点控制.md
3f5d0a001386ce070f470d7a9c80cc6d	/Users/chenyouqiang/Documents/LawKB/小德合规管理系统/03-经验卡片/非诉合规/经验卡片-税务-客户税务合规提示边界.md
22fd5fe66a12b7430ab6b3830a33c4dc	/Users/chenyouqiang/Documents/LawKB/小德合规管理系统/03-经验卡片/非诉合规/经验卡片-财务-非诉计费工时与超额管控.md
1cfdbf98a38fc31c63e662ec4c99c8fc	/Users/chenyouqiang/Documents/LawKB/小德合规管理系统/03-经验卡片/非诉合规/经验卡片-运营-常年顾问咨询响应与台账管理.md
ea8b85b37772cad748d9d8904bff6b76	/Users/chenyouqiang/Documents/LawKB/小德合规管理系统/05-系统配置/小德医疗纠纷调解系统_制度清单（调解版）.md
375cfba1ed79798d63d0c664eb983570	/Users/chenyouqiang/Documents/LawKB/小德合规管理系统/05-系统配置/小德医疗纠纷调解系统_字段配置表（调解版）.md
bef4b936240082d8fda5c057eb4e4fc0	/Users/chenyouqiang/Documents/LawKB/小德合规管理系统/05-系统配置/小德医疗纠纷调解系统_审批流（调解版）.md
d6874005fb5c4c98909c3b0584738d1e	/Users/chenyouqiang/Documents/LawKB/小德合规管理系统/05-系统配置/小德医院合规管理系统_制度清单（医院版）.md
eb43ff7a759a5f42d0db92d25cc5a53f	/Users/chenyouqiang/Documents/LawKB/小德合规管理系统/05-系统配置/小德医院合规管理系统_字段配置表（医院版）.md
9c3e8f75ba4f2a7df6a2418e57d27540	/Users/chenyouqiang/Documents/LawKB/小德合规管理系统/05-系统配置/小德医院合规管理系统_审批流（医院版）.md
ca7509479aaabae77fed92f35208f029	/Users/chenyouqiang/Documents/LawKB/小德合规管理系统/05-系统配置/小德合同生命周期管理系统_制度清单（合同版）.md
557adbac4d1b6847e3e3089bf9846d7b	/Users/chenyouqiang/Documents/LawKB/小德合规管理系统/05-系统配置/小德合同生命周期管理系统_字段配置表（合同版）.md
71f4d31a31cc23517099db37e20d145d	/Users/chenyouqiang/Documents/LawKB/小德合规管理系统/05-系统配置/小德合同生命周期管理系统_审批流（合同版）.md
953306bbf76a7d47bc89b24b1a0463a8	/Users/chenyouqiang/Documents/LawKB/小德合规管理系统/05-系统配置/小德慈善组织合规管理系统_制度清单（慈善版）.md
1c28618f90a4f14676251f30986bc888	/Users/chenyouqiang/Documents/LawKB/小德合规管理系统/05-系统配置/小德慈善组织合规管理系统_字段配置表（慈善版）.md
f12fe2b48877d52ddcbe6f4d9fb72264	/Users/chenyouqiang/Documents/LawKB/小德合规管理系统/05-系统配置/小德慈善组织合规管理系统_审批流（慈善版）.md
c9a571a55f727fb12879242a11734a81	/Users/chenyouqiang/Documents/LawKB/小德合规管理系统/05-系统配置/小德非诉业务管理系统_制度清单（非诉版）.md
7afc29c75a4eb3878634e0f063f4be3e	/Users/chenyouqiang/Documents/LawKB/小德合规管理系统/05-系统配置/小德非诉业务管理系统_字段配置表（非诉版）.md
61f75e7ca57931f008964a5ce5151033	/Users/chenyouqiang/Documents/LawKB/小德合规管理系统/05-系统配置/小德非诉业务管理系统_审批流（非诉版）.md
1feb7afc93b82b9375ac2e6d0be03dec	/Users/chenyouqiang/Documents/LawKB/小德合规管理系统/05-系统配置/非诉交付物模板/非诉交付物模板-D10-年度募捐合规总结与整改建议书.md
d6442c52e861426201fd65b0dd0a1981	/Users/chenyouqiang/Documents/LawKB/小德合规管理系统/05-系统配置/非诉交付物模板/非诉交付物模板-D1年度合规义务地图.md
dc3a6061dcf4ab67fd98648fda6d4bf9	/Users/chenyouqiang/Documents/LawKB/小德合规管理系统/05-系统配置/非诉交付物模板/非诉交付物模板-D2半年度复核意见书.md
da81ea819e70fd4f530f5bb340053c6f	/Users/chenyouqiang/Documents/LawKB/小德合规管理系统/05-系统配置/非诉交付物模板/非诉交付物模板-D3季度体检报告.md
74baf1a02269747929662d99c73318b4	/Users/chenyouqiang/Documents/LawKB/小德合规管理系统/05-系统配置/非诉交付物模板/非诉交付物模板-D4重大活动审查意见.md
d400c7144554e1c92019d64b861c9376	/Users/chenyouqiang/Documents/LawKB/小德合规管理系统/05-系统配置/非诉交付物模板/非诉交付物模板-D5年度复盘.md
34da041262e3bc83282477028b9039be	/Users/chenyouqiang/Documents/LawKB/小德合规管理系统/05-系统配置/非诉交付物模板/非诉交付物模板-D6-公开募捐资格合规体检报告.md
d2addb4218807b47c3f1a06411349837	/Users/chenyouqiang/Documents/LawKB/小德合规管理系统/05-系统配置/非诉交付物模板/非诉交付物模板-D7-募捐活动合规日历与备案台账.md
1ace3b44f5044dbf53a9f482a4c17a2f	/Users/chenyouqiang/Documents/LawKB/小德合规管理系统/05-系统配置/非诉交付物模板/非诉交付物模板-D8-募捐成本与年度支出测算确认书.md
502d9b5e7646330653eadba8ef9ea6a1	/Users/chenyouqiang/Documents/LawKB/小德合规管理系统/05-系统配置/非诉交付物模板/非诉交付物模板-D9-互联网募捐平台上线合规审查.md
ae136732606f835caa54fdb1c0e1518c	/Users/chenyouqiang/Documents/LawKB/小德合规管理系统/06-运维备忘录/小德合规管理系统-运维手册（五模板版）.md
e9ff3b3135c481f84224a80bb44979eb	/Users/chenyouqiang/Documents/LawKB/小德合规管理系统/06-运维备忘录/小德慈善组织合规管理系统-运维手册备忘录.md
