rule_id,title,proposed_bucket,signal_source
R-PI-001,工伤认定意见三-人社部发2025-62号（裁判规则）,医疗人损,type/tags/title
R-PI-002,被扶养人生活费专题（裁判规则）,医疗人损,type/tags/title
R-PI-003,人体损伤程度鉴定关键问题-2026-08-15（裁判规则）,医疗人损,type/tags/title
R-PI-004,伤残等级评定标准笔记-2026（裁判规则）,医疗人损,type/tags/title
R-PI-005,人伤专业领域法律知识库-总览（裁判规则）,医疗人损,type/tags/title
R-PI-006,最高人民法院《关于审理道路交通事故损害赔偿案件适用法律若干问题的解释（二）》法释〔2026〕9号（裁判规则）,医疗人损,type/tags/title
R-PI-007,交通事故责任认定与保险理赔顺位（裁判规则）,医疗人损,type/tags/title
R-PI-008,交通事故与工伤竞合双赔项目辨析-2026-07-21（裁判规则）,医疗人损,type/tags/title
R-PI-009,工伤保险待遇与劳动能力鉴定（裁判规则）,医疗人损,type/tags/title
R-PI-010,2026年度一次性工亡补助金标准-1130040元（裁判规则）,医疗人损,type/tags/title
R-PI-011,工伤保险条例-核心条文摘录（裁判规则）,医疗人损,type/tags/title
R-PI-012,工伤认定2026最新裁判与规则（裁判规则）,医疗人损,type/tags/title
R-PI-013,超龄劳动者基本权益保障暂行规定-工伤保障重大变化-2026-07-23（裁判规则）,医疗人损,type/tags/title
R-PI-014,三期鉴定实务-误工期护理期营养期（裁判规则）,医疗人损,type/tags/title
R-PI-015,2026年省级人身损害赔偿标准更新-以湖南为例（裁判规则）,医疗人损,type/tags/title
R-PI-016,残疾赔偿金与死亡赔偿金计算实务（裁判规则）,医疗人损,type/tags/title
R-PI-017,误工费护理费营养费计算实务（裁判规则）,医疗人损,type/tags/title
R-PI-018,人身损害赔偿项目计算总览（裁判规则）,医疗人损,type/tags/title
R-PI-019,精神损害抚慰金酌定标准（裁判规则）,医疗人损,type/tags/title
R-PI-020,2025年医疗损害责任纠纷案件大数据分析报告（裁判规则）,医疗人损,type/tags/title
R-PI-021,医疗纠纷诉讼实务全流程操作指引-2026-08-14（裁判规则）,医疗人损,type/tags/title
R-PI-022,医疗损害责任鉴定与举证责任分配（裁判规则）,医疗人损,type/tags/title
R-PI-023,医疗纠纷与医疗事故概念辨析-2026-07-22（裁判规则）,医疗人损,type/tags/title
R-PI-024,"'""医疗损害责任纠纷中从诉讼视角对司法鉴定意见的法律分析""（裁判规则）'",医疗人损,type/tags/title
R-PI-025,"'""（三）最高法66号再审案深度解析后续治疗费定性责任比例周期裁判规则""（裁判规则）'",医疗人损,type/tags/title
R-PI-026,"'""（二）告别依赖鉴定主动拆解诊疗核心过错的实战方法""（裁判规则）'",医疗人损,type/tags/title
R-PI-027,第十七章 医疗损害责任鉴定实务（裁判规则）,医疗人损,type/tags/title
R-PI-028,律师办理劳动争议案件基本业务技能（裁判规则）,医疗人损,type/tags/title
R-PI-029,人伤法索引（裁判规则）,医疗人损,type/tags/title
R-PI-030,工伤赔偿案件全流程时限节点（裁判规则）,医疗人损,type/tags/title
R-PI-031,R-PI-031,医疗人损,type/tags/title
R-PI-032,R-PI-032,待定(需人工),none
R-PI-033,医疗损害责任：未尸检时鉴定意见效力与责任比例酌定规则,医疗人损,type/tags/title
R-PI-034,人身伤害（交通事故）：受害人特殊体质/损伤参与度不减轻侵权人责任,交通人损,type/tags/title
R-PI-035,R-PI-035 限制类医疗技术未依法备案→加重过错赔偿责任,医疗人损,type/tags/title
R-PI-036,第三人侵权情形下医保/工伤基金已付医疗费不得重复主张，经办机构可代位追偿并合并审理,医疗人损,type/tags/title
R-PI-037,R-PI-037 新就业形态职业伤害保障待遇不抵扣第三人侵权残疾赔偿金,工伤人损,type/tags/title
R-PI-038,非医保用药（自费药）扣除抗辩须完成双重举证，否则不予支持,医疗人损,type/tags/title
R-PI-039,接受劳务方购商业意外险不阻却其法定侵权责任,工伤人损,type/tags/title
R-PI-040,"误工费认定采""实际劳动+收入减损""实质标准，超龄/农村户籍不阻断，举证不能按就近行业工资阶梯填补",交通人损,type/tags/title
R-PI-041,交通事故中侵权人过错行为与损害有因果关系，即便无物理接触仍担责,交通人损,type/tags/title
R-PI-042,好意同乘发生事故应减轻赔偿责任（非营运·无偿·故意/重大过失除外）,交通人损,type/tags/title
R-PI-043,挂靠车辆运营致害，挂靠人与被挂靠人连带责任,交通人损,type/tags/title
R-PI-044,自甘风险——文体活动中受害原则上不得请求其他参加者担责,其它人损,type/tags/title
R-PI-045,违法分包/转包，具备用工资格的发包方承担工伤主体责任（突破劳动关系要件）,工伤人损,type/tags/title
R-PI-046,个人之间劳务关系受害按双方过错分担（区别于用人单位无过错替代责任）,工伤人损,type/tags/title
R-PI-047,义务帮工人受害，被帮工人原则上承担赔偿/补偿责任（无偿劳务特殊形态）,工伤人损,type/tags/title
R-PI-048,连环买卖未过户机动车肇事，原车主（出让人）不承担责任（交付主义·指导案例19号）,交通人损,type/tags/title
R-PI-049,医疗产品缺陷或输入不合格血液致害适用无过错责任（区别于一般医疗过错责任）,医疗人损,type/tags/title
R-PI-050,提供劳务中因第三人行为受损害成立不真正连带（受害人择一求偿·接受劳务方补偿后追偿）,工伤人损,type/tags/title
R-PI-051,"多个被扶养人生活费按""先算后加、年维度封顶""计算，累计年赔偿总额不超城镇居民人均消费支出",交通人损,type/tags/title
R-PI-052,医疗损害责任诉讼时效不自损害发生日机械起算，以患方知道或应当知道侵权要件成立为准,医疗人损,type/tags/title
R-PI-053,生存期护理费/后续治疗费的补偿性、预判性及事实认定节点,其它人损,type/tags/title
R-PI-054,"'""上下班途中""的整体认定——工作生活衔接视角（扩张说）'",工伤人损,type/tags/title
R-PI-055,未依法投保交强险的机动车肇事，投保义务人与侵权人在交强险限额内共同赔偿,交通人损,type/tags/title
R-PI-056,残疾辅助器具费按普通适用器具合理费用标准计算；更换周期与赔偿期限参照配制机构意见,医疗人损,type/tags/title
R-PI-057,"多等级伤残采""吸收原则""计算赔偿指数：最高级为基数、其余按十分之一折算附加指数，附加之和不超10%",其它人损,type/tags/title
R-PI-058,"民事侵权中正当防卫免责——制止正在进行的不法侵害致损不担责，必要限度采""现实紧迫性+权益位阶相当性""判断",医疗人损,type/tags/title
R-PI-059,医疗产品缺陷/不合格血液致害适用无过错责任，责任主体间不真正连带，明知缺陷产销可主张惩罚性赔偿,医疗人损,type/tags/title
R-PI-060,消费型医疗美容消费者受消法保护，医美机构虚假广告/虚假宣传构成欺诈的，消费者可主张惩罚性赔偿,医疗人损,type/tags/title
R-PI-061,患者有权复制全部病程记录，医疗机构无正当理由拒绝复制推定过错,医疗人损,type/tags/title
R-PI-062,"工伤待遇项目与""本人工资""基数计算口径（缴费工资封顶保底）",工伤人损,type/tags/title
R-PI-063,"视同工伤""48小时""条款严格适用与""工作时间/岗位""适度扩张",工伤人损,type/tags/title
R-PI-064,停工留薪期——原工资福利待遇不变，期满仍需治疗继续享工伤医疗待遇,医疗人损,type/tags/title
R-PI-065,用人单位未依法参保工伤，由用人单位按[[工伤保险待遇|工伤保险待遇]]项目和标准全额支付,工伤人损,type/tags/title
R-PI-066,"重新鉴定启动须符合法定事由，非""不服结论""即可启动",医疗人损,type/tags/title
R-PI-067,鉴定人出庭作证义务——拒不出庭的证言不得作为定案依据,其它人损,type/tags/title
R-PI-068,人损伤残标准（人体损伤致残程度分级）与工伤标准（GB/T 16180）双轨对比与适用边界,工伤人损,type/tags/title
R-PI-069,刑事附带民事诉讼原则上不支持精神损害抚慰金（残疾/死亡赔偿金已纳入物质损失）,其它人损,type/tags/title
R-PI-070,限制民事行为能力的未成年人自甘风险，应作风险认知能力实质审查而非按年龄一刀切,其它人损,type/tags/title
R-PI-071,医疗过错致生存期缩短的，以死亡赔偿金为基数按过错参与度计算，患者自身致命疾病不阻却相当因果关系,医疗人损,type/tags/title
R-PI-072,医疗损害纠纷诉讼时效不以损害发生日机械起算，须患方知道或应当知道诊疗行为符合侵权构成要件，举证负担在医方,医疗人损,type/tags/title
R-PI-073,"护士在合法医院内经安排超范围执业致死的，因欠缺""擅自""要素不构成非法行医罪，应按医疗事故罪审查；职务行为不阻却个人重大业务过失",医疗人损,type/tags/title
R-PI-074,病历书写不规范行政处罚的构成与幅度裁量——接诊未书写且离院未补正即违法，综合过错与损害后果处警告并1-5万罚款,医疗人损,type/tags/title
R-PI-075,紧急情况下非近亲属出于好意在知情同意书签字且尽到相当注意义务的，不承担医疗损害赔偿责任（好意施惠免责）,医疗人损,type/tags/title
R-PI-076,医疗损害司法鉴定范围与病历封存取证规则,医疗人损,type/tags/title
R-PI-077,医疗损害责任中的过错推定情形（病历瑕疵等）,医疗人损,type/tags/title
R-PI-078,医务人员违反知情同意说明义务但未造成患者人身损害的，不支持损害赔偿；医方提交明确同意证据后，举证负担转回患方以相反证据反驳,医疗人损,type/tags/title
R-PI-079,民事赔偿已履行、行政处罚已作出，均不阻却医疗事故罪的刑事追究；赔偿谅解与认罪悔罪是缓刑关键变量，已缴纳的行政罚款应当折抵刑事罚金,医疗人损,type/tags/title
R-PI-080,"未落实医疗质量（安全）不良事件报告制度，构成""未按规定制定和实施医疗质量安全管理制度""，依《[[医疗纠纷预防和处理条例|医疗纠纷预防和处理条例]]》第47条第1项处罚；此类违法涉及公民生命健康安全且有危害后果的，追责时效延长至五年",医疗人损,type/tags/title
R-PI-081,受害人虽为农村户口但长期居住城镇且以非农收入为主要收入来源的，残疾赔偿金可参照城镇居民标准计算，具体金额由法院综合侵害权益特殊性、社会发展趋势及各赔偿项目协调平衡裁量确定,医疗人损,type/tags/title
R-PI-082,限制类医疗技术未依法备案擅自开展，构成违规并加重民事赔偿过错程度,医疗人损,type/tags/title
R-PI-083,医疗机构擅自启封向已封存病历加插材料，构成故意篡改病历，推定过错并承担全责,医疗人损,type/tags/title
R-PI-084,医疗损害责任成立四要件与证据链条——过错责任、病历封存、鉴定必要、赔偿法定,医疗人损,type/tags/title
R-PI-085,医疗事故罪入罪边界——严重不负责任+核心制度违反+重大过失,医疗人损,type/tags/title
R-PI-086,医疗损害过错推定与病历瑕疵攻防边界——推定≠全赔、病历瑕疵≠赔偿,医疗人损,type/tags/title
R-PI-087,医疗损害责任诉讼时效起算与多机构就诊举证（不以损害发生日为起点）,医疗人损,type/tags/title
R-PI-088,R-PI-088,医疗人损,type/tags/title
R-PI-089,第三人侵权时安全保障义务人的补充责任与追偿权,其它人损,type/tags/title
R-PI-090,群众性活动组织者的安全保障义务与合理管控边界,其它人损,type/tags/title
R-PI-091,饲养动物致害的无过错责任与减责免责,其它人损,type/tags/title
R-PI-092,禁止饲养的烈性犬等危险动物致害的绝对责任,其它人损,type/tags/title
R-PI-093,遗弃、逃逸动物致害由原饲养人/管理人担责,待定(需人工),none
R-PI-094,长期护理依赖给付——依赖程度鉴定 + 给付年限（最长20年）,工伤人损,type/tags/title
R-PI-095,被监护人致害的监护人责任与有财产被监护人的先行支付,其它人损,type/tags/title
R-PI-096,教育机构对无民事行为能力人受侵害的过错推定责任,其它人损,type/tags/title
R-PI-097,R-PI-097,医疗人损,type/tags/title
R-PI-098,R-PI-098,医疗人损,type/tags/title
R-PI-099,R-PI-099,医疗人损,type/tags/title
R-PI-100,医疗损害诉讼时效综合损害发展过程与确诊时间认定；同行一般医疗水平=合理诊疗义务标准,医疗人损,type/tags/title
R-PI-101,R-PI-101,医疗人损,type/tags/title
R-PI-102,R-PI-102,医疗人损,type/tags/title
R-PI-103,R-PI-103,医疗人损,type/tags/title
R-PI-104,R-PI-104,医疗人损,type/tags/title
R-PI-105,R-PI-105,医疗人损,type/tags/title
R-PI-106,R-PI-106,医疗人损,type/tags/title
R-PI-107,R-PI-107,医疗人损,type/tags/title
R-PI-108,R-PI-108,医疗人损,type/tags/title
R-PI-109,R-PI-109,医疗人损,type/tags/title
R-PI-110,R-PI-110,医疗人损,type/tags/title
R-PI-111,R-PI-111,医疗人损,type/tags/title
R-PI-112,R-PI-112,医疗人损,type/tags/title
R-PI-113,R-PI-113,医疗人损,type/tags/title
R-PI-114,R-PI-114,医疗人损,type/tags/title
R-PI-115,R-PI-115,工伤人损,type/tags/title
R-PI-116,R-PI-116,待定(需人工),none
R-PI-117,R-PI-117,待定(需人工),none
R-PI-118,R-PI-118,医疗人损,type/tags/title
R-PI-119,R-PI-119,医疗人损,type/tags/title
R-PI-120,R-PI-120,医疗人损,type/tags/title
R-PI-121,R-PI-121,交通人损,type/tags/title
R-PI-122,R-PI-122,医疗人损,type/tags/title
R-PI-123,R-PI-123,医疗人损,type/tags/title
R-PI-124,R-PI-124,医疗人损,type/tags/title
R-PI-125,R-PI-125,医疗人损,type/tags/title
R-PI-126,医疗机构纠纷发生后多次、超时限事后修改电子病历且不能合理解释，致鉴定不能的，依民法典第1222条推定过错并承担全责,医疗人损,type/tags/title
R-PI-127,R-PI-127,医疗人损,type/tags/title
R-PI-128,R-PI-128,医疗人损,type/tags/title
R-PI-129-未尸检不影响鉴定意见效力法院在原因力范围内酌定责任比例,R-PI-129-未尸检不影响鉴定意见效力法院在原因力范围内酌定责任比例,医疗人损,type/tags/title
R-PI-130-医疗损害鉴定陈述法定程序与实战五步准备框架,医疗损害鉴定陈述的法定程序与实战五步准备框架,医疗人损,type/tags/title
R-PI-131-肿瘤误诊三道防线失守与病理金标准刚性规则,"肿瘤误诊三道防线失守与""病理金标准""刚性规则",医疗人损,type/tags/title
R-PI-132-医疗事故罪刑附民仅赔物质损失与民事死亡赔偿金悖论,医疗事故罪刑附民仅赔物质损失与民事死亡赔偿金并存的规范冲突,医疗人损,type/tags/title
R-PI-133-高空抛物可能加害使用人补偿与物业安保过错责任,高空抛物难以确定侵权人时由可能加害使用人补偿且物业承担安保过错责任,其它人损,type/tags/title
R-PI-134-建筑物倒塌建设单位施工单位无过错连带责任,建筑物构筑物倒塌致人损害建设单位与施工单位无过错连带责任,其它人损,type/tags/title
R-PI-135-建筑物搁置物悬挂物脱落坠落过错推定责任,建筑物及搁置物悬挂物脱落坠落致害所有人管理人使用人过错推定责任,其它人损,type/tags/title
R-PI-136-窨井地下设施致害管理人过错推定责任,窨井等地下设施致害管理人过错推定责任与公共道路妨碍通行物双轨归责,其它人损,type/tags/title
R-PI-137-高度危险作业无过错责任一般条款与免责减责事由,高度危险作业无过错责任一般条款与免责减责事由,其它人损,type/tags/title
R-PI-138-民用航空器与高速轨道运输工具经营人无过错责任,民用航空器与高速轨道运输工具经营人无过错责任,其它人损,type/tags/title
R-PI-139-高度危险物遗失抛弃非法占有责任主体,高度危险物遗失抛弃或非法占有情形下责任主体与第三人免责,其它人损,type/tags/title
R-PI-140-产品缺陷致人身损害生产者无过错责任与择一索赔权,产品缺陷致人身损害生产者无过错责任与受害人择一索赔权,其它人损,type/tags/title
R-PI-141-警示缺陷认定与举证责任分配,警示缺陷认定规则与缺陷不存在举证责任分配,其它人损,type/tags/title
R-PI-142-明知缺陷仍生产销售致人伤亡惩罚性赔偿,明知缺陷仍生产销售致人伤亡适用惩罚性赔偿,其它人损,type/tags/title
R-PI-143-医疗损害诉讼时效不以损害发生日为起算点患方未及时起诉不视为怠于行使权利,医疗损害纠纷诉讼时效不以损害发生日为起算点，患方未及时起诉不视为怠于行使权利,医疗人损,type/tags/title
R-PI-144-医患沟通书面留痕无书面记录即未履行告知义务隐匿伪造病历过错推定,医患沟通书面留痕红线：无书面记录=未履行告知义务，隐匿伪造病历直接过错推定,医疗人损,type/tags/title
R-PI-145-员工自身过错受伤工伤认定无过错责任排除四类情形,员工自身过错受伤的工伤认定：无过错责任原则，仅四类法定情形排除,工伤人损,type/tags/title
R-PI-146-道交和解后诉医院医疗损害竞合按份责任损失填平,道交和解后仍能诉医院：道交+医疗损害为无意思联络多因一果按份责任，损失填平禁止双重赔偿,医疗人损,type/tags/title
R-PI-147-医院误诊索赔医疗事故赔偿计算与诉讼受理六要件,医院误诊索赔：医疗事故赔偿11项法定计算标准与诉讼受理六要件,医疗人损,type/tags/title
R-PI-148-医方加插已封存病历系篡改推定过错致鉴定不能承担全部责任,医方往已封存病历加插材料系故意篡改推定过错，因此致鉴定不能的承担全部赔偿责任且不得主张原发疾病原因力折减,医疗人损,type/tags/title
R-PI-149-医院法治建设纳入等级评审巡查第一责任人制度与法律顾问机制并行,R-PI-149-医院法治建设纳入等级评审巡查第一责任人制度与法律顾问机制并行,医疗人损,type/tags/title
R-PI-150-重新鉴定四类法定情形应当准许以证据打开四道门瑕疵可修复不予准许,R-PI-150-重新鉴定四类法定情形应当准许以证据打开四道门瑕疵可修复不予准许,医疗人损,type/tags/title
R-PI-151-无病理依据实施根治性手术未行术中冰冻病理构成重大医疗过错,R-PI-151-无病理依据实施根治性手术未行术中冰冻病理构成重大医疗过错,医疗人损,type/tags/title
R-PI-152-医疗事故罪以严重不负责任七情形为立案标准行刑衔接卫健委移送启动,R-PI-152-医疗事故罪以严重不负责任七情形为立案标准行刑衔接卫健委移送启动,医疗人损,type/tags/title
R-PI-153-多主体过错致同一损害按过错程度与原因力大小承担按份责任受害人过错可减轻侵权人责任,R-PI-153-多主体过错致同一损害按过错程度与原因力大小承担按份责任受害人过错可减轻侵权人责任,医疗人损,type/tags/title
R-PI-154,R-PI-154 医疗损害过错要件五维审查与过错推定边界,医疗人损,type/tags/title
R-PI-155,R-PI-155 医疗损害赔偿范围与特殊责任形态,医疗人损,type/tags/title
R-PI-156,R-PI-156 医疗事故罪程序维度：未尸检与单方专家意见的刑事证明标准,医疗人损,type/tags/title
R-PI-157-医疗告知义务代签与举证不能,"""[[R-PI-157 医疗告知义务代签规则|R-PI-157 医疗告知义务代签规则]]——程序瑕疵≠实质过错·举证不能不利""",医疗人损,type/tags/title
R-PI-157,R-PI-157 医疗损害诉讼时效起算以知道或应当知道侵权构成要件之日为准,医疗人损,type/tags/title
R-PI-158-医疗纠纷赔偿竞合案件先核减已获赔部分再按原因力比例计算精神抚慰金单列酌定,R-PI-158 医疗纠纷赔偿竞合案件先核减已获赔部分再按原因力比例计算精神抚慰金单列酌定,医疗人损,type/tags/title
R-PI-159-医源性损害须先判定过错性再定归责紧急抢救免责三要件从严把握,R-PI-159 医源性损害须先判定过错性再定归责紧急抢救免责三要件从严把握,医疗人损,type/tags/title
R-PI-160-道交与工伤竞合有限兼得一次性补偿项目可双赔费用性项目损失填平补差,R-PI-160 道交与工伤竞合有限兼得一次性补偿项目可双赔费用性项目损失填平补差,交通人损,type/tags/title
R-PI-161-医院合规审核应审尽审未经审核不得提交决策涉法事项须报告,R-PI-161 医院合规审核应审尽审未经审核不得提交决策涉法事项须报告,医疗人损,type/tags/title
R-PI-162-医疗纠纷处置须全程留痕纠纷受理双登记病历封存2小时启动赔偿超1万禁私了,R-PI-162 医疗纠纷处置须全程留痕纠纷受理双登记病历封存2小时启动赔偿超1万禁私了,医疗人损,type/tags/title
R-PI-163-医疗损害责任比例取决于原因力大小而非过错数量关键过错须与损害后果有因果关联,R-PI-163 医疗损害责任比例取决于原因力大小而非过错数量关键过错须与损害后果有因果关联,医疗人损,type/tags/title
R-PI-164-道交和解不丧失医疗损害诉权多因一果按份责任损失填平,R-PI-164 道交和解不丧失医疗损害诉权多因一果按份责任损失填平,医疗人损,type/tags/title
R-PI-165-提供劳务者受害按过错分担雇主责任险怠于请求时第三者可直接诉保险公司,R-PI-165 提供劳务者受害按过错分担雇主责任险怠于请求时第三者可直接诉保险公司,工伤人损,type/tags/title
R-PI-166-医疗损害赔偿范围界定与特殊责任形态死亡赔偿金缺陷儿特别抚养费非医保用药医美双属性,R-PI-166 医疗损害赔偿范围界定与特殊责任形态,医疗人损,type/tags/title
R-PI-167,缺陷医疗产品致害无过错责任与医疗机构追偿权,医疗人损,type/tags/title
R-PI-168,医疗事故罪(335)与非法行医罪(336)罪间界分及严重不负责任认定,医疗人损,type/tags/title
R-PI-169,病历瑕疵行政罚则集群（医疗纠纷预防和处理条例45/46/47）,医疗人损,type/tags/title
R-PI-170,"产前检查未尽法定告知义务致""错误出生"" 医疗机构承担赔偿责任",医疗人损,type/tags/title
R-PI-171-医疗纠纷应急五步闭环与风险防范五表,医疗纠纷应急处置全流程模板（裁判规则）,医疗人损,type/tags/title
R-PI-172-病历书写10大败诉漏洞与规范要点,病历败诉10大漏洞（裁判规则）,医疗人损,type/tags/title
R-PI-173-手术分级管理越级手术责任三本账,低年资医生实施高等级手术责任（裁判规则）,医疗人损,type/tags/title
R-PI-174-医疗质量安全核心制度18项违反即过错证据化,医疗质量安全核心制度18项违反即过错证据化（裁判规则）,医疗人损,type/tags/title
R-PI-175-医疗损害鉴定采信与术前告知阻却过错推定,医疗损害鉴定采信与术前告知阻却过错推定（裁判规则）,医疗人损,type/tags/title
R-PI-176-术中变更术式未重新告知侵害知情同意权,术中变更术式未重新告知侵害知情同意权（裁判规则）,医疗人损,type/tags/title
R-PI-177-医疗损害鉴定双轨制与鉴定机构选择六维度,R-PI-177 医疗损害鉴定双轨制与鉴定机构选择六维度,医疗人损,type/tags/title
R-PI-178-医疗损害鉴定全流程六节点与重新鉴定递进救济,R-PI-178 医疗损害鉴定全流程六节点与重新鉴定递进救济,医疗人损,type/tags/title
R-PI-179-医疗纠纷卫健委投诉路径匹配四宜四不宜,R-PI-179 医疗纠纷卫健委投诉路径匹配四宜四不宜,医疗人损,type/tags/title
R-PI-180-医疗损害鉴定原因力不等于法律责任比例,R-PI-180 医疗损害鉴定原因力（参与度）不等于法律责任比例,医疗人损,type/tags/title
R-PI-181-医疗事故罪严重不负责任教义学认定争议与新综合说,R-PI-181-医疗事故罪严重不负责任教义学认定争议与新综合说,医疗人损,type/tags/title
R-PI-182-电子病历无痕型瑕疵与篡改的过错推定,R-PI-182-电子病历无痕型瑕疵与篡改的过错推定,医疗人损,type/tags/title
R-PI-183-医疗事故罪刑法因果关系多环节介入与尸检缺失存疑有利被告,R-PI-183-医疗事故罪刑法因果关系多环节介入与尸检缺失存疑有利被告,医疗人损,type/tags/title
R-PI-184-病历瑕疵五档裁判梯度从推定全责到酌定因素,R-PI-184-病历瑕疵五档裁判梯度从推定全责到酌定因素,医疗人损,type/tags/title
R-PI-185-医疗纠纷五条法定路径功能分工与选择规则,R-PI-185-医疗纠纷五条法定路径功能分工与选择规则,医疗人损,type/tags/title
R-PI-186-医疗损害二元鉴定模式选择与赔偿标准双轨,R-PI-186-医疗损害二元鉴定模式选择与赔偿标准双轨,医疗人损,type/tags/title
R-PI-187-医疗说明义务告知对象与意见冲突处理规则,R-PI-187-医疗说明义务告知对象与意见冲突处理规则,医疗人损,type/tags/title
R-PI-188-未遵循手术操作指南按原因力担责,R-PI-188-未遵循手术操作指南按原因力担责,医疗人损,type/tags/title
R-PI-189-医疗事故罪结果归责误区与刑法最后手段性,R-PI-189-医疗事故罪结果归责误区与刑法最后手段性,医疗人损,type/tags/title
R-PI-190-具备介入条件的医院未及时行急诊PCI构成过错,R-PI-190-具备介入条件的医院未及时行急诊PCI构成过错,医疗人损,type/tags/title
R-PI-191-首诊负责制度责任边界与转诊义务,R-PI-191-首诊负责制度责任边界与转诊义务,医疗人损,type/tags/title
R-PI-192-专家辅助人有专门知识的人申请与证据属性,R-PI-192-专家辅助人有专门知识的人申请与证据属性,医疗人损,type/tags/title
R-PI-193-医疗费赔偿范围计算与继续治疗费先予执行,R-PI-193-医疗费赔偿范围计算与继续治疗费先予执行,医疗人损,type/tags/title
R-PI-194-病历篡改致鉴定不能过错推定,医疗机构篡改病历致鉴定不能的过错推定与责任比例,医疗人损,type/tags/title
R-PI-195-机动车与行人同责赔偿超五成,机动车与行人非机动车同责时赔偿比例超过五成及交强险优先,交通人损,type/tags/title
R-PI-196-工伤与医疗损害责任竞合的并用关系及多因一果对入罪的影响,工伤与医疗损害责任竞合的并用关系及多因一果对入罪的影响,医疗人损,type/tags/title
R-PI-197-医疗纠纷律师实务全景案由选择双层举证鉴定质证与赔偿精算,R-PI-197-医疗纠纷律师实务全景案由选择双层举证鉴定质证与赔偿精算,医疗人损,type/tags/title
R-PI-198-医疗损害责任纠纷举证证明责任分配与鉴定意见采纳规则,医疗损害责任纠纷举证证明责任分配与鉴定意见采纳规则,医疗人损,type/tags/title
R-PI-199_民法典1165条过错侵权责任,民法典第1165条过错侵权责任（要件映射卡·人伤高频）,医疗人损,type/tags/title
R-PI-200_民法典1191条劳务派遣用人者责任,民法典第1191条劳务派遣用人者责任（要件映射卡·人伤高频）,交通人损,type/tags/title
R-PI-201_民法典1192条个人劳务,民法典第1192条个人劳务关系损害赔偿（要件映射卡·人伤高频）,其它人损,type/tags/title
R-PI-202_民法典1218条医疗损害责任,民法典第1218条医疗损害责任（要件映射卡·人伤高频）,医疗人损,type/tags/title
R-PI-203-医疗机构病历书写不规范的行政法律责任,医疗机构病历书写不规范的行政法律责任（医疗合规·行政监管）,医疗人损,type/tags/title
R-PI-204-好意同乘的减责规则,好意同乘（搭便车）的减责规则（裁判规则卡）,交通人损,type/tags/title
R-PI-205-违反管理规定未对动物采取安全措施致害绝对责任,违反管理规定未对动物采取安全措施致害的绝对责任（裁判规则卡）,其它人损,type/tags/title
R-PI-206-动物园动物致害过错推定责任,动物园动物致害的过错推定责任（裁判规则卡）,其它人损,type/tags/title
R-PI-207-见义勇为受害人补偿受益人适当补偿,见义勇为致自身损害由受益人适当补偿（裁判规则卡）,其它人损,type/tags/title
R-PI-208-紧急避险致害责任,紧急避险致害的责任承担（裁判规则卡）,其它人损,type/tags/title
R-PI-209-承揽关系定作人指示过错责任,承揽关系定作人指示过错责任（裁判规则卡）,工伤人损,type/tags/title
R-PI-210-道路交通事故社会救助基金垫付与追偿,道路交通事故社会救助基金垫付与追偿（裁判规则卡）,交通人损,type/tags/title
R-PI-211-出生缺陷与错误生命医疗损害责任,出生缺陷（错误生命/错误出生）医疗损害责任（裁判规则卡）,医疗人损,type/tags/title
R-PI-212-试乘试驾与车辆交付前致害责任,试乘试驾与机动车交付前致害责任（裁判规则卡）,交通人损,type/tags/title
R-PI-213-医疗过错原因力比例与鉴定意见的采信规则,医疗过错原因力比例与鉴定意见的采信规则（裁判规则卡）,医疗人损,type/tags/title
R-PI-214-开门杀属机动车一方责任及保险人不得拒赔,“开门杀”属机动车一方责任及保险人不得以乘车人非被保险人拒赔（裁判规则卡）,交通人损,type/tags/title
R-PI-215-交通事故认定书的证据属性与民事赔偿责任区分,交通事故认定书的证据属性与民事赔偿责任区分（审判要件卡·机动车交通事故）,交通人损,type/tags/title
R-PI-216-无交通事故认定书案件的责任确定规则,无交通事故认定书案件的责任确定规则（审判要件卡·机动车交通事故）,交通人损,type/tags/title
R-PI-217-交强险与商业三者险的三层赔偿顺序,交强险与商业三者险的三层赔偿顺序（审判要件卡·机动车交通事故）,交通人损,type/tags/title
R-PI-218-人身伤亡的赔偿范围与项目,人身伤亡的赔偿范围与项目（审判要件卡·机动车交通事故）,交通人损,type/tags/title
R-PI-219-停运损失的认定要件与交强险排除,停运损失的认定要件与交强险排除（审判要件卡·机动车交通事故）,交通人损,type/tags/title
R-PI-220-交强险分项限额不得突破,交强险分项限额不得突破（审判要件卡·机动车交通事故）,交通人损,type/tags/title
R-PI-221-租赁借用情形下机动车所有人的过错责任,租赁借用情形下机动车所有人的过错责任（审判要件卡·机动车交通事故）,交通人损,type/tags/title
R-PI-222-挂靠经营的连带责任及其边界,挂靠经营的连带责任及其边界（审判要件卡·机动车交通事故）,交通人损,type/tags/title
R-PI-223-受害人特殊体质与自身疾病的原因力区分,受害人特殊体质与自身疾病的原因力区分（审判要件卡·机动车交通事故）,医疗人损,type/tags/title
R-PI-224-本车人员转化为第三者的判断标准,本车人员转化为第三者的判断标准（审判要件卡·机动车交通事故）,交通人损,type/tags/title
R-PI-225-交通意外中机动车一方的责任与交强险有责限额,交通意外中机动车一方的责任与交强险有责限额（审判要件卡·机动车交通事故）,交通人损,type/tags/title
R-PI-226-超标两轮电动车、电动三轮车的责任认定,超标两轮电动车、电动三轮车的责任认定（审判要件卡·机动车交通事故）,交通人损,type/tags/title
R-PI-227-共饮者侵权责任的四要件审查,共饮者侵权责任的四要件审查（审判要件卡·共同饮酒）,医疗人损,type/tags/title
R-PI-228-共饮者侵权案件的原告与被告主体审查,共饮者侵权案件的原告与被告主体审查（审判要件卡·共同饮酒）,其它人损,type/tags/title
R-PI-229-共饮者侵权案件的管辖审查,共饮者侵权案件的管辖审查（审判要件卡·共同饮酒）,其它人损,type/tags/title
R-PI-230-共饮者侵权的归责原则与公平责任之审慎适用,共饮者侵权的归责原则与公平责任之审慎适用（审判要件卡·共同饮酒）,医疗人损,type/tags/title
R-PI-231-强迫性劝酒的认定与注意情形,强迫性劝酒的认定与注意情形（审判要件卡·共同饮酒）,其它人损,type/tags/title
R-PI-232-共饮者安全注意义务的内容与合理限度,共饮者安全注意义务的内容与合理限度（审判要件卡·共同饮酒）,医疗人损,type/tags/title
R-PI-233-因果关系介入因素与无死因鉴定,因果关系认定：介入因素与无死因鉴定时的事实审查（审判要件卡·共同饮酒）,医疗人损,type/tags/title
R-PI-234-共饮者侵权的责任形态按份为主连带之例外,共饮者侵权的责任形态：按份为主、连带之例外（审判要件卡·共同饮酒）,医疗人损,type/tags/title
R-PI-235-共饮者侵权的责任比例划分饮酒人自负为主,共饮者侵权的责任比例划分：饮酒人自负为主（审判要件卡·共同饮酒）,医疗人损,type/tags/title
R-PI-236-共饮者免责未劝酒已护送中途离席,共饮者的免责情形：未劝酒、已护送、留宿妥当、中途离席（审判要件卡·共同饮酒）,其它人损,type/tags/title
R-PI-237-未成年人饮酒与向未成年人售酒经营者的责任,未成年人饮酒与向未成年人售酒经营者的责任（审判要件卡·共同饮酒）,其它人损,type/tags/title
R-PI-238-酒后驾车鼓励饮酒驾车的共饮者责任认定,酒后驾车、鼓励饮酒驾车的共饮者责任认定（审判要件卡·共同饮酒）,其它人损,type/tags/title
R-PI-239-特殊主体与场所的共饮者责任,特殊主体与场所的共饮责任：组织者、未饮酒者、饭店酒吧、浴池、红白事（审判要件卡·共同饮酒）,其它人损,type/tags/title
R-PI-240-医疗事故罪严重不负责任的认定与鉴定意见的证据地位,"医疗事故罪""严重不负责任""的认定标准与医疗事故鉴定意见的证据地位（裁判规则卡）",医疗人损,type/tags/title
R-PI-241-未投保交强险时投保义务人与侵权人的共同赔偿责任,未投保交强险时投保义务人与侵权人在交强险限额内的共同赔偿责任（裁判规则卡）,交通人损,type/tags/title
R-PI-242-医疗过错参与度责任比例综合裁量,R-PI-242 医疗损害责任比例综合裁量（非机械按参与度）,医疗人损,type/tags/title
R-PI-243-雇主责任险理赔款与工伤保险待遇的关系,雇主责任险理赔款与工伤保险待遇的双重受偿边界,医疗人损,type/tags/title
R-PI-244-受害人无过错时体质因素不减轻侵权人责任,受害人无过错时体质因素不减轻侵权人责任：损伤参与度抗辩的边界,医疗人损,type/tags/title
R-PI-245-营养费的计算标准与证据清单,营养费的计算标准、证据清单与无医嘱时的酌定空间,医疗人损,type/tags/title
R-PI-246-护理费的计算口径与护理依赖,护理费的计算口径、护理期限认定与护理依赖分级,医疗人损,type/tags/title
R-PI-247-人身损害赔偿项目计算总表,R-PI-247-人身损害赔偿项目计算总表,其它人损,type/tags/title
R-PI-248-一次性伤残就业补助金仲裁时效起算,一次性伤残就业补助金仲裁时效——从伤残等级鉴定作出之日起算（非解除合同日）,工伤人损,type/tags/title
R-PI-249-成伤机制鉴定的申请要点与避坑,成伤机制鉴定的申请要点、检材要求与避坑清单,医疗人损,type/tags/title
R-PI-250-医疗损害鉴定中的法律思维框架,医疗损害鉴定中的法律思维：三层鉴定逻辑与因果关系标准之争,医疗人损,type/tags/title
R-PI-251-人身损害被告方答辩的四层体系,R-PI-251-人身损害被告方答辩的四层体系,其它人损,type/tags/title
R-PI-252-医疗过错鉴定意见的实体与程序审查,医疗过错鉴定意见的实体与程序双重审查（可作为责任大小依据而非入罪依据）,医疗人损,type/tags/title
R-PI-253-机动车与行人交通事故的注意义务与责任划分,机动车与行人事故中机动车负较高注意义务，行人无过错由机动车全赔,交通人损,type/tags/title
R-PI-254-医疗损害鉴定意见审查与以鉴代审之否定,"医疗损害责任中鉴定意见的司法审查与""以鉴代审""之否定（重新鉴定、参与度酌定、漏诊同等责任）",医疗人损,type/tags/title
R-PI-255-未投保交强险投保义务人限额内共同赔偿,未投保交强险的机动车——投保义务人在交强险限额内与侵权人共同赔偿（限额内不可追偿）,交通人损,type/tags/title
R-PI-256-医疗机构病历管理规定2013版关键条款,医疗机构病历管理规定（2013年版）关键条款,医疗人损,type/tags/title
R-PI-257-医师外出会诊管理暂行规定2026修订,医师外出会诊管理暂行规定（2026年修订）关键条款,医疗人损,type/tags/title
R-PI-258-韩杰医生医疗事故罪申诉七疑点,韩杰医生医疗事故罪申诉七疑点（再审辩护方法论素材）,医疗人损,type/tags/title
R-PI-259-交通事故赔偿项目总表与交强险限额,交通事故赔偿项目总表与交强险分项限额,交通人损,type/tags/title
R-PI-260-交强险与商业三者险三层赔偿顺位,交强险与商业三者险三层赔偿顺位,交通人损,type/tags/title
R-PI-261-残疾赔偿金计算与多等级伤残附加指数,残疾赔偿金计算与多等级伤残附加指数,交通人损,type/tags/title
R-PI-262-死亡赔偿金与丧葬费计算,死亡赔偿金与丧葬费计算,交通人损,type/tags/title
R-PI-263-被扶养人生活费计算与多被扶养人封顶,被扶养人生活费计算与多被扶养人封顶,交通人损,type/tags/title
R-PI-264-误工费计算与误工期认定,误工费计算与误工期认定,交通人损,type/tags/title
R-PI-265-医疗费与非医保用药扣除抗辩,医疗费赔偿与非医保用药扣除抗辩,医疗人损,type/tags/title
R-PI-266-交通事故与工伤竞合双赔辨析,交通事故与工伤竞合双赔辨析,交通人损,type/tags/title
R-PI-267-医疗过错举证责任与过错推定攻防,R-PI-267 医疗损害责任纠纷医疗过错举证责任与过错推定攻防,医疗人损,type/tags/title
R-PI-268-营养费与住院伙食补助费计算,营养费与住院伙食补助费计算,医疗人损,type/tags/title
R-PI-269-交通费计算就医转院陪护,交通费计算（就医/转院/陪护）,交通人损,type/tags/title
R-PI-270-残疾辅助器具费计算,残疾辅助器具费计算,交通人损,type/tags/title
R-PI-271-后续治疗费与医疗依赖计算康复费整容费,后续治疗费与医疗依赖计算（含康复费、整容费）,医疗人损,type/tags/title
R-PI-272-财产损失与停运损失计算,财产损失与停运损失计算,交通人损,type/tags/title
R-PI-273-精神损害抚慰金计算贵州酌定口径,精神损害抚慰金计算（贵州酌定口径）,交通人损,type/tags/title
R-PI-274-鉴定费与费用负担,鉴定费与费用负担,交通人损,type/tags/title
R-PI-275-护理费计算护理期护理人数护理级别,护理费计算（护理期×护理人数×护理级别）,交通人损,type/tags/title
R-PI-276-医疗美容与服务广告疗效承诺治愈保证合规红线,医疗美容与服务广告疗效承诺、治愈保证合规红线（广告法第16条、治愈率断言禁止、面瘫针灸协议边界）,医疗人损,type/tags/title
R-PI-277-超标电动车交通事故过错责任与机动车方比例,超标电动车交通事故过错责任与机动车方赔偿比例（属性认定、道交法76条、同等责任下机动车担60%）,交通人损,type/tags/title
R-PI-278-医疗损害多因一果原因力参与度-2026-09-09,医疗损害多因一果与原因力参与度（原因力六分/鉴定为主/过错推定三种·锚定韩杰案面瘫）,医疗人损,type/tags/title
R-PI-279-交强险无责赔付与投保义务人无过错责任-2026-09-09,交强险无责赔付与未投保义务人无过错责任（道交法76/无责限额19900/投保义务人限额内赔·锚定航合事故）,交通人损,type/tags/title
R-PI-280-交强险赔偿对象与本车人员、被保险人的界定,R-PI-280-交强险赔偿对象与本车人员、被保险人的界定（审判要件卡·人伤/机动车）,医疗人损,type/tags/title
R-PI-281-交强险赔偿范围与限额：有责全赔与无责限额的分野,R-PI-281-交强险赔偿范围与限额：有责全赔与无责限额的分野（审判要件卡·人伤/机动车）,医疗人损,type/tags/title
R-PI-282-交强险保险公司追偿权的行使边界,R-PI-282-交强险保险公司追偿权的行使边界（审判要件卡·人伤/机动车）,交通人损,type/tags/title
R-PI-283-多车事故的保险责任分配规则,R-PI-283-多车事故的保险责任分配规则（审判要件卡·人伤/机动车）,交通人损,type/tags/title
R-PI-284-特种车辆作业事故与主挂车的交强险责任,R-PI-284-特种车辆作业事故与主挂车的交强险责任（审判要件卡·人伤/机动车）,交通人损,type/tags/title
R-PI-285-交通肇事逃逸的认定：民刑差异与举证责任分配,R-PI-285-交通肇事逃逸的认定：民刑差异与举证责任分配（审判要件卡·人伤/机动车）,医疗人损,type/tags/title
R-PI-286-醉酒驾驶与无证驾驶的商业三者险免责认定,R-PI-286-醉酒驾驶与无证驾驶的商业三者险免责认定（审判要件卡·人伤/机动车）,交通人损,type/tags/title
R-PI-287-危险程度显著增加的认定：转让、未年检与改变使用用途,R-PI-287-危险程度显著增加的认定：转让、未年检与改变使用用途（审判要件卡·人伤/机动车）,交通人损,type/tags/title
R-PI-288-挂靠车辆单方事故致受雇司机受损的责任主体,R-PI-288-挂靠车辆单方事故致受雇司机受损的责任主体（审判要件卡·人伤/机动车）,交通人损,type/tags/title
R-PI-289-租赁、融资租赁与分期付款车辆的责任主体,R-PI-289-租赁、融资租赁与分期付款车辆的责任主体（审判要件卡·人伤/机动车）,医疗人损,type/tags/title
R-PI-290-道路管理维护缺陷与不得进入高速公路者的责任主体,R-PI-290-道路管理维护缺陷与不得进入高速公路者的责任主体（审判要件卡·人伤/机动车）,交通人损,type/tags/title
R-PI-291-试乘、借名买车与乘车人开车门致损的责任主体,R-PI-291-试乘、借名买车与乘车人开车门致损的责任主体（审判要件卡·人伤/机动车）,交通人损,type/tags/title
R-PI-292-机动车交通事故的归责原则与免责事由,R-PI-292-机动车交通事故的归责原则与免责事由（审判要件卡·人伤/机动车）,医疗人损,type/tags/title
R-PI-293-事故责任程度的确定与贵州地方赔偿比例,R-PI-293-事故责任程度的确定与贵州地方赔偿比例（审判要件卡·人伤/机动车）,医疗人损,type/tags/title
R-PI-294-好意同乘的责任承担与除外情形,R-PI-294-好意同乘的责任承担与除外情形（审判要件卡·人伤/机动车）,交通人损,type/tags/title
R-PI-295-网约车交通事故致人损害的责任承担,R-PI-295-网约车交通事故致人损害的责任承担（审判要件卡·人伤/机动车）,交通人损,type/tags/title
R-PI-296-未依法投保交强险时投保义务人与侵权人的责任,R-PI-296-未依法投保交强险时投保义务人与侵权人的责任（审判要件卡·人伤/机动车）,交通人损,type/tags/title
R-PI-297-车损鉴定的审查与鉴定人出庭,R-PI-297-车损鉴定的审查与鉴定人出庭（审判要件卡·人伤/机动车）,医疗人损,type/tags/title
R-PI-298-事故车辆财产损失的认定规则,R-PI-298-事故车辆财产损失的认定规则（审判要件卡·人伤/机动车）,交通人损,type/tags/title
R-PI-299-台班费与车主误工费的赔偿归类,R-PI-299-台班费与车主误工费的赔偿归类（审判要件卡·人伤/机动车）,交通人损,type/tags/title
R-PI-300-投保人如实告知义务：故意不告知与重大过失未告知的区分,R-PI-300-投保人如实告知义务：故意不告知与重大过失未告知的区分（审判要件卡·人伤/机动车）,交通人损,type/tags/title
R-PI-301-超医保用药的认定及其保险责任,R-PI-301-超医保用药的认定及其保险责任（审判要件卡·人伤/机动车）,医疗人损,type/tags/title
R-PI-302-未及时报险的保险责任,R-PI-302-未及时报险的保险责任（审判要件卡·人伤/机动车）,交通人损,type/tags/title
R-PI-303-无道路运输从业资格证驾驶机动车的保险责任,R-PI-303-无道路运输从业资格证驾驶机动车的保险责任（审判要件卡·人伤/机动车）,交通人损,type/tags/title
R-PI-304-增驾实习期内发生交通事故的保险责任,R-PI-304-增驾实习期内发生交通事故的保险责任（审判要件卡·人伤/机动车）,交通人损,type/tags/title
R-PI-305-家庭自用汽车改变用途与危险程度显著增加的认定,R-PI-305-家庭自用汽车改变用途与危险程度显著增加的认定（审判要件卡·人伤/机动车）,交通人损,type/tags/title
R-PI-306-商业三者险免责条款的类型化审查标准,R-PI-306-商业三者险免责条款的类型化审查标准（审判要件卡·人伤/机动车）,医疗人损,type/tags/title
R-PI-307-保险人法定提示义务的履行标准,R-PI-307-保险人法定提示义务的履行标准（审判要件卡·人伤/机动车）,交通人损,type/tags/title
R-PI-308-保险人法定明确说明义务的履行标准,R-PI-308-保险人法定明确说明义务的履行标准（审判要件卡·人伤/机动车）,交通人损,type/tags/title
R-PI-309-电子保单中提示与明确说明义务的认定,R-PI-309-电子保单中提示与明确说明义务的认定（审判要件卡·人伤/机动车）,交通人损,type/tags/title
R-PI-310-营运车辆的认定标准,R-PI-310-营运车辆的认定标准（审判要件卡·人伤/机动车）,交通人损,type/tags/title
R-PI-311-自货自运车辆的营运性认定,R-PI-311-自货自运车辆的营运性认定（审判要件卡·人伤/机动车）,交通人损,type/tags/title
R-PI-312-网约车与顺风车的营运性区分,R-PI-312-网约车与顺风车的营运性区分（审判要件卡·人伤/机动车）,交通人损,type/tags/title
R-PI-313-营运车辆以非营运性质投保的危险程度显著增加,R-PI-313-营运车辆以非营运性质投保的危险程度显著增加（审判要件卡·人伤/机动车）,交通人损,type/tags/title
R-PI-314-安全统筹企业参与赔付的处理,R-PI-314-安全统筹企业参与赔付的处理（审判要件卡·人伤/机动车）,交通人损,type/tags/title
R-PI-315-交通事故调解协议的履行与另行起诉,R-PI-315-交通事故调解协议的履行与另行起诉（审判要件卡·人伤/机动车）,医疗人损,type/tags/title
R-PI-316-道路救助基金垫付款的追偿与诉讼处理,R-PI-316-道路救助基金垫付款的追偿与诉讼处理（审判要件卡·人伤/机动车）,交通人损,type/tags/title
R-PI-317-机动车交通事故案件受理费的负担规则,R-PI-317-机动车交通事故案件受理费的负担规则（审判要件卡·人伤/机动车）,交通人损,type/tags/title
R-PI-318,机动车交通事故责任的法律性质与规范适用分野（审判要件卡·人伤法）,交通人损,type/tags/title
R-PI-319,机动车的认定标准与司法鉴定启动（审判要件卡·人伤法）,交通人损,type/tags/title
R-PI-320,交通事故与道路范围的认定（审判要件卡·人伤法）,交通人损,type/tags/title
R-PI-321,道路以外地方的十三类情形与参照适用（审判要件卡·人伤法）,交通人损,type/tags/title
R-PI-322,不属于机动车交通事故责任纠纷的八类情形（审判要件卡·人伤法）,交通人损,type/tags/title
R-PI-323,人身损害原告主体资格的审查（审判要件卡·人伤法）,交通人损,type/tags/title
R-PI-324,财产损失原告主体资格的六类审查（审判要件卡·人伤法）,其它人损,type/tags/title
R-PI-325,无名死者请求权主体的原告资格（审判要件卡·人伤法）,医疗人损,type/tags/title
R-PI-326,侵权人作为被告的审查与被告死亡的处理（审判要件卡·人伤法）,其它人损,type/tags/title
R-PI-327,保险公司作为共同被告的追加规则与释明义务（审判要件卡·人伤法）,交通人损,type/tags/title
R-PI-328,保险公司分支机构的被告资格（审判要件卡·人伤法）,其它人损,type/tags/title
R-PI-329,车辆所有人雇主挂靠作为被告的审查（审判要件卡·人伤法）,工伤人损,type/tags/title
R-PI-330,所有人与使用人不一致时的被告确定（审判要件卡·人伤法）,交通人损,type/tags/title
R-PI-331,被告身份信息不详的处理规则（审判要件卡·人伤法）,其它人损,type/tags/title
R-PI-332,管辖的一般审查与多赔偿权利人合并审理（审判要件卡·人伤法）,其它人损,type/tags/title
R-PI-333,未起诉赔偿权利人的交强险份额预留（审判要件卡·人伤法）,医疗人损,type/tags/title
R-PI-334,违约责任与侵权责任竞合的释明与案由固定（审判要件卡·人伤法）,医疗人损,type/tags/title
R-PI-335,职务行为与劳务行为抗辩的审查（审判要件卡·人伤法）,医疗人损,type/tags/title
R-PI-336,车辆已转让未过户抗辩的审查（审判要件卡·人伤法）,交通人损,type/tags/title
R-PI-337,套牌车责任抗辩的审查（审判要件卡·人伤法）,交通人损,type/tags/title
R-PI-338,拼装报废车转让连带责任的审查（审判要件卡·人伤法）,交通人损,type/tags/title
R-PI-339,事故真实性与因果关系抗辩的举证分配（审判要件卡·人伤法）,医疗人损,type/tags/title
R-PI-340,保险公司已赔付被保险人抗辩的审查（审判要件卡·人伤法）,其它人损,type/tags/title
R-PI-341,被保险人放弃索赔抗辩的审查（审判要件卡·人伤法）,医疗人损,type/tags/title
R-PI-342,驾驶资格受限与醉酒毒驾抗辩的审查（审判要件卡·人伤法）,交通人损,type/tags/title
R-PI-343,驾驶人故意制造事故与逃逸抗辩的审查（审判要件卡·人伤法）,交通人损,type/tags/title
R-PI-344,盗抢期间与送修期间抗辩的审查（审判要件卡·人伤法）,医疗人损,type/tags/title
R-PI-345,超载改装与所有权变动抗辩的审查（审判要件卡·人伤法）,交通人损,type/tags/title
R-PI-346,临时牌照过期抗辩的审查与近因原则（审判要件卡·人伤法）,交通人损,type/tags/title
R-PI-347,对受害人身份抗辩的审查（审判要件卡·人伤法）,其它人损,type/tags/title
R-PI-348,单方委托鉴定意见证明力的审查与举证责任转移（审判要件卡·人伤法）,其它人损,type/tags/title
R-PI-349,商业三者险免责条款的审查（审判要件卡·人伤法）,交通人损,type/tags/title
R-PI-350,零时起保条款抗辩的审查（审判要件卡·人伤法）,交通人损,type/tags/title
R-PI-351-医疗损害过错推定病历隐匿伪造篡改拒绝提供,医疗损害过错推定·病历隐匿拒绝提供伪造篡改（民法典1222·电子病历封存锚定韩杰案）,医疗人损,type/tags/title
R-PI-352-好意同乘减轻赔偿责任重大过失除外,好意同乘减轻赔偿责任·驾驶人故意或重大过失除外（民法典1217·道交赔偿解释二第3条）,交通人损,type/tags/title
R-PI-353-交通事故责任认定与过错举证攻防,R-PI-353 机动车交通事故事故责任认定与过错举证攻防,交通人损,type/tags/title
R-PI-354-机动车交通事故保险责任举证交强险与商业险,R-PI-354 机动车交通事故保险责任举证交强险与商业险攻防,交通人损,type/tags/title
R-PI-355-机动车交通事故损害赔偿项目与主体资格举证,R-PI-355 机动车交通事故损害赔偿项目与主体资格举证,交通人损,type/tags/title
R-PI-356-医疗告知义务代签与举证不能,R-PI-157 医疗告知义务代签规则——程序瑕疵≠实质过错·举证不能不利,医疗人损,type/tags/title
R-PI-357-堆放物倒塌滚落滑落致害堆放人过错推定,堆放物倒塌滚落滑落致害由堆放人承担过错推定责任,其它人损,type/tags/title
R-PI-358-林木折断倾倒果实坠落致害林木所有人管理人过错推定,林木折断倾倒或果实坠落致害由林木所有人管理人承担过错推定责任,其它人损,type/tags/title
R-PI-359-公共道路堆放倾倒遗撒妨碍通行致害行为人责任与道路管理人相应责任,公共道路上堆放倾倒遗撒妨碍通行物致害的行为人责任与道路管理人相应责任,其它人损,type/tags/title
R-PI-360-未经许可进入高度危险区域受损害管理人尽充分安全措施与警示可减责免责,未经许可进入高度危险活动或危险物存放区域受损害管理人尽充分安全措施与警示可减责或免责,其它人损,type/tags/title
R-PI-361-产品缺陷因运输者仓储者等第三人过错生产者销售者赔偿后追偿,因运输者仓储者等第三人过错使产品存在缺陷的生产者销售者赔偿后享有追偿权,其它人损,type/tags/title
R-PI-362-产品投入流通后发现缺陷未采取补救措施致损害扩大连带责任,产品投入流通后发现缺陷未及时采取停止销售警示召回补救措施致损害扩大应就扩大部分担责,其它人损,type/tags/title
R-PI-363-教育机构内受第三人人身损害未尽管理职责相应补充责任与追偿,无或限制民事行为能力人在教育机构内受第三人人身损害教育机构未尽管理职责承担相应补充责任并可追偿,其它人损,type/tags/title
R-PI-364-微信私聊问诊的诊疗行为定性与非合规风险边界,微信私聊问诊的诊疗行为定性与非合规风险边界,医疗人损,type/tags/title
R-PI-365-电子病历封存与操作日志取证实务边界,电子病历封存与操作日志取证——医疗纠纷证据战第一战场,医疗人损,type/tags/title
R-PI-366-医疗事故鉴定与医疗损害鉴定的本质区别与裁判适用,医疗事故鉴定与医疗损害鉴定的本质区别与裁判适用,医疗人损,type/tags/title
R-PI-367-医疗纠纷选律师六维度与避坑指南,医疗纠纷选律师·六维度评估与五坑避坑（实务指南卡）,医疗人损,type/tags/title
R-PI-368-医疗说明义务违反知情同意侵权赔偿责任民法典1219,医疗说明义务违反·知情同意权侵害的侵权赔偿责任（民法典1219）,医疗人损,type/tags/title
R-PI-369-医疗损害鉴定原因力区间司法采信多项核心过错适用上限,医疗损害鉴定原因力区间的司法采信（多项核心过错可适用上限）,医疗人损,type/tags/title
R-PI-370-电动自行车机动车属性认定与交强险投保客观不能,电动自行车机动车属性认定与交强险投保客观不能（不适用限额优先赔偿）,交通人损,type/tags/title
R-PI-371-机动车交通事故车辆贬值损失的赔偿认定,机动车交通事故车辆贬值损失的赔偿认定（审判要件卡·人伤）,交通人损,type/tags/title
R-PI-372-快递业特许经营中特许人的补充赔偿责任,快递业特许经营期间发生交通事故的特许人责任主体认定：未尽管理监督与风险防控义务的承担补充赔偿责任（审判要件卡·人伤）,交通人损,type/tags/title
R-PI-373-刑事附带民事诉讼的赔偿范围与物质损失的界定,刑事附带民事诉讼的赔偿范围与物质损失的界定,医疗人损,type/tags/title
R-PI-374-交通肇事刑附民的特殊赔偿范围与道交法第七十六条的穿透适用,交通肇事刑附民的特殊赔偿范围与道交法第七十六条的穿透适用,交通人损,type/tags/title
R-PI-375-刑附民各项赔偿费用的计算标准与无票据损失的酌定,刑附民各项赔偿费用的计算标准与无票据损失的酌定,其它人损,type/tags/title
R-PI-376-共同致害的连带赔偿责任与内部分额的划分,共同致害的连带赔偿责任与内部分额的划分,其它人损,type/tags/title
R-PI-377-刑附民调解和解协议对赔偿范围的突破与显失公平救济,刑附民调解和解协议对赔偿范围的突破与显失公平救济,其它人损,type/tags/title
R-PI-381-医疗纠纷新形势与预防裁判规则,R-PI-381-医疗纠纷新形势与预防裁判规则,医疗人损,type/tags/title
R-PI-382-医调委全流程指南裁判规则,R-PI-382-医调委全流程指南裁判规则,医疗人损,type/tags/title
R-PI-383-医院法治建设嵌入三路径裁判规则,R-PI-383-医院法治建设嵌入三路径裁判规则,医疗人损,type/tags/title
R-PI-384-医疗美容事故中医疗事故罪的严重不负责任认定,"医疗美容事故中医疗事故罪的""严重不负责任""认定与刑期裁量",医疗人损,type/tags/title
R-PI-385-交强险无责限额内赔付规则与无责机动车赔付边界,交强险无责限额内赔付规则与无责机动车赔付边界,交通人损,type/tags/title
R-PI-386-医疗过错参与度鉴定非法定概念应对照原因力六分情形确定赔偿责任,R-PI-386-医疗过错参与度鉴定非法定概念应对照原因力六分情形确定赔偿责任,医疗人损,type/tags/title
R-PI-387-机动车交通事故人身损害赔偿统一城镇居民标准同命同价计算规则,R-PI-387-机动车交通事故人身损害赔偿统一城镇居民标准同命同价计算规则,交通人损,type/tags/title
R-PI-388-交强险保险公司责任审查赔偿范围分项限额不突破与免赔垫付追偿,交强险保险公司责任审查（赔偿范围·分项限额不突破与免赔垫付追偿）（审判要件卡·人伤法）,交通人损,type/tags/title
R-PI-389-商业三者险保险公司责任审查赔偿范围鉴定费与绝对免赔额,商业三者险保险公司责任审查（赔偿范围·鉴定费负担·绝对免赔额）（审判要件卡·人伤法）,交通人损,type/tags/title
R-PI-390-侵权人责任审查责任范围与按责比例赔偿方式,侵权人责任审查（责任范围·按责比例赔偿方式）（审判要件卡·人伤法）,交通人损,type/tags/title
R-PI-391-共同侵权有意思联络连带责任,共同侵权（有意思联络）连带责任,其它人损,type/tags/title
R-PI-392-共同危险行为不能确定具体侵权人连带责任,共同危险行为不能确定具体侵权人连带责任,其它人损,type/tags/title
R-PI-393-无意思联络分别侵权聚合因果连带责任,无意思联络分别侵权·聚合因果连带责任（1171）,其它人损,type/tags/title
R-PI-394-无意思联络分别侵权按份平均责任,无意思联络分别侵权·按份/平均责任（1172）,其它人损,type/tags/title
R-PI-395-教唆帮助侵权含教唆帮助无限制民事行为能力人,教唆、帮助侵权（含教唆帮助无/限制民事行为能力人）,其它人损,type/tags/title
R-PI-396-用人单位工作人员执行工作任务致害替代责任,用人单位工作人员执行工作任务致害替代责任（1191-1）,其它人损,type/tags/title
R-PI-397-暂时丧失意识致害有过错担责无过错适当补偿,暂时丧失意识致害·有过错担责/无过错适当补偿（1190-1）,其它人损,type/tags/title
R-PI-398-暂时丧失意识致害醉酒滥用麻精药品自陷风险,暂时丧失意识致害·醉酒/滥用麻精药品自陷风险（1190-2）,其它人损,type/tags/title
R-PI-399-医疗美容广告疗效承诺虚假宣传的行政处罚认定与合规边界,R-PI-399-医疗美容广告疗效承诺虚假宣传的行政处罚认定与合规边界,医疗人损,type/tags/title
R-PI-400-交强险责任限额内优先全额赔付不按过错比例划分,R-PI-400-交强险责任限额内优先全额赔付不按过错比例划分,交通人损,type/tags/title
R-PI-401-残疾赔偿金计算锚点,残疾赔偿金计算锚点（民法典1179 + 法释〔2022〕14号第12条）,其它人损,type/tags/title
R-PI-402-被扶养人生活费计算锚点,被扶养人生活费计算锚点（民法典1179 + 法释〔2022〕14号第17条）,其它人损,type/tags/title
R-PI-403-误工费计算锚点,误工费计算锚点（民法典1179 + 法释〔2022〕14号第7条）,其它人损,type/tags/title
R-PI-404-医疗费计算锚点,医疗费计算锚点（民法典1179 + 法释〔2022〕14号第6条）,医疗人损,type/tags/title
R-PI-405-护理费计算锚点,护理费计算锚点（民法典1179 + 法释〔2022〕14号第8条）,其它人损,type/tags/title
R-PI-406-营养费与住院伙食补助费计算锚点,营养费与住院伙食补助费计算锚点（民法典1179 + 法释〔2022〕14号第10/11条）,医疗人损,type/tags/title
R-PI-407-残疾辅助器具费计算锚点,残疾辅助器具费计算锚点（民法典1179 + 法释〔2022〕14号第13条）,其它人损,type/tags/title
R-PI-408-后续治疗费计算锚点,后续治疗费计算锚点（民法典1179 + 法释〔2022〕14号第6条第2款）,其它人损,type/tags/title
R-PI-409-丧葬费与死亡赔偿金计算锚点,丧葬费与死亡赔偿金计算锚点（民法典1179/1173/1181 + 法释〔2022〕14号第14/15条）,其它人损,type/tags/title
R-PI-410-机动车交强险分项限额法定赔偿锚点,机动车交强险分项限额法定赔偿锚点（交强险条例 + 法释〔2020〕17号道交赔偿解释）,交通人损,type/tags/title
R-PI-411-医疗损害责任原因力计算锚点,医疗损害责任原因力计算锚点（民法典1218/1222 + 法释〔2020〕17号医疗损害解释）,医疗人损,type/tags/title
R-PI-412-医疗损害知情同意权与未尽说明义务赔偿责任,R-PI-412-医疗损害知情同意权与未尽说明义务赔偿责任,医疗人损,type/tags/title
R-PI-413-机动车与行人非机动车事故无过错责任及10%限额,R-PI-413-机动车与行人非机动车事故无过错责任及10%限额,交通人损,type/tags/title
R-PI-414-医疗美容损害过错与因果关系的举证责任分配证据规则,R-PI-414 医疗美容损害过错与因果关系的举证责任分配证据规则,医疗人损,type/tags/title
R-PI-415-医疗美容损害鉴定过错鉴定伤残鉴定证据规则,R-PI-415 医疗美容损害鉴定的证据规则（过错鉴定·伤残鉴定·参与度）,医疗人损,type/tags/title
R-PI-416-医疗美容服务关系成立与损害赔偿范围举证责任证据规则,R-PI-416 医疗美容服务关系成立与损害赔偿范围的举证责任证据规则,医疗人损,type/tags/title
R-PI-417-产品缺陷与因果关系的举证责任分配证据规则,R-PI-417 产品缺陷与因果关系的举证责任分配证据规则,其它人损,type/tags/title
R-PI-418-产品责任免责事由与警示召回义务的举证责任证据规则,R-PI-418 产品责任免责事由与警示召回义务的举证责任证据规则,其它人损,type/tags/title
R-PI-419-产品责任惩罚性赔偿与赔偿范围的举证责任证据规则,R-PI-419 产品责任惩罚性赔偿与赔偿范围的举证责任证据规则,其它人损,type/tags/title
R-PI-420-高空抛物致害举证责任与可能加害建筑物使用人补偿证据规则,R-PI-420 高空抛物致害举证责任与可能加害建筑物使用人补偿证据规则,待定(需人工),none
R-PI-421-饲养动物致害举证责任证据规则,R-PI-421 饲养动物致害举证责任证据规则,其它人损,type/tags/title
R-PI-422-建筑物物件损害脱落坠落与倒塌过错推定举证证据规则,R-PI-422 建筑物物件损害脱落坠落与倒塌过错推定举证证据规则,其它人损,type/tags/title
R-PI-423-医疗事故罪严重不负责任与刑法因果关系认定,R-PI-423-医疗事故罪严重不负责任与刑法因果关系认定,医疗人损,type/tags/title
R-PI-424-人身损害赔偿死亡赔偿金城乡统一同命同价,R-PI-424-人身损害赔偿死亡赔偿金城乡统一同命同价,交通人损,type/tags/title
R-PI-425-机动车交通事故与提供劳务者受害举证责任证据规则,R-PI-425 机动车交通事故与提供劳务者受害举证责任证据规则,交通人损,type/tags/title
R-PI-426-医疗损害责任病历瑕疵民法典1222推定过错认定,R-PI-426-医疗损害责任病历瑕疵民法典1222推定过错认定,医疗人损,type/tags/title
R-PI-427-机动车交通事故责任交强险限额内赔付与免赔规则,R-PI-427-机动车交通事故责任交强险限额内赔付与免赔规则,交通人损,type/tags/title
R-PI-428-医疗损害过错推定民法典1222适用边界与病历瑕疵认定规则,R-PI-428-医疗损害过错推定民法典1222适用边界与病历瑕疵认定规则,医疗人损,type/tags/title
R-PI-429-机动车交通事故交强险限额先行赔偿与受害人特殊体质不减责规则,R-PI-429-机动车交通事故交强险限额先行赔偿与受害人特殊体质不减责规则,交通人损,type/tags/title
